date,wave1_pips,wave2_pips,total_pips,pullback1_ratio,pullback2_ratio,confidence,direction
2024-01-11,48.8,57.5,106.3,0.857,0.416,80.0,bearish
2024-01-12,18.4,33.7,52.1,0.549,0.32,80.0,bullish
2024-01-25,8.3,9.9,18.200000000000003,0.904,0.97,80.0,bullish
2024-02-01,12.5,13.9,26.4,0.464,0.453,85.0,bullish
2024-02-08,9.9,18.4,28.299999999999997,0.495,0.397,90.0,bearish
2024-02-15,26.0,35.9,61.9,0.673,0.37,80.0,bullish
2024-02-20,5.5,16.0,21.5,0.691,0.388,80.0,bullish
2024-02-21,4.1,10.9,15.0,0.78,0.312,75.0,bullish
2024-02-22,13.6,36.5,50.1,0.713,0.485,70.0,bearish
2024-02-23,1.7,4.6,6.3,1.0,0.457,80.0,bearish
2024-02-28,7.4,18.6,26.0,0.973,0.618,85.0,bullish
2024-02-29,16.5,18.1,34.6,0.939,0.26,80.0,bullish
2024-03-08,30.7,40.7,71.4,0.785,0.435,90.0,bullish
2024-03-15,6.3,10.0,16.3,0.508,0.5,85.0,bullish
2024-03-18,3.7,5.8,9.5,0.811,0.379,80.0,bearish
2024-03-25,8.5,13.0,21.5,0.329,0.385,85.0,bullish
2024-03-26,2.0,5.5,7.5,0.8,1.0,80.0,bearish
2024-03-29,5.1,11.2,16.299999999999997,0.353,0.616,85.0,bearish
2024-04-05,43.2,54.5,97.7,0.424,0.261,80.0,bearish
2024-04-08,5.1,25.6,30.700000000000003,0.745,0.223,75.0,bullish
2024-04-09,5.9,15.7,21.6,0.356,0.268,85.0,bullish
2024-04-11,20.4,30.1,50.5,0.804,0.684,85.0,bullish
2024-04-12,16.9,25.6,42.5,0.538,0.32,80.0,bearish
2024-04-17,4.9,18.5,23.4,0.918,0.562,75.0,bullish
2024-04-18,12.7,26.6,39.3,0.591,0.278,80.0,bearish
2024-04-19,11.3,13.1,24.4,0.876,0.511,85.0,bullish
2024-04-23,5.0,8.8,13.8,0.74,0.42,95.0,bearish
2024-04-24,4.9,11.4,16.3,0.633,0.377,85.0,bullish
2024-04-25,21.6,38.1,59.7,0.583,0.375,80.0,bearish
2024-04-29,21.3,30.2,51.5,0.371,0.195,80.0,bearish
2024-05-01,6.2,9.4,15.600000000000001,0.823,0.436,90.0,bullish
2024-05-06,2.6,7.4,10.0,0.654,0.676,80.0,bullish
2024-05-07,6.6,14.7,21.299999999999997,0.652,0.211,85.0,bullish
2024-05-14,11.9,25.7,37.6,0.748,0.245,85.0,bullish
2024-05-16,8.0,9.8,17.8,0.737,0.439,95.0,bearish
2024-05-20,5.3,12.3,17.6,0.981,0.276,85.0,bullish
2024-05-24,9.5,12.2,21.7,0.389,0.32,95.0,bullish
2024-05-28,1.8,18.9,20.7,0.556,0.45,70.0,bearish
2024-05-29,5.6,22.8,28.4,0.875,0.237,75.0,bearish
2024-05-30,10.6,17.5,28.1,0.387,0.229,95.0,bullish
2024-05-31,14.5,29.7,44.2,0.4,0.263,90.0,bullish
2024-06-26,6.2,20.3,26.5,0.645,0.261,75.0,bearish
2024-06-27,6.4,24.0,30.4,0.812,0.208,70.0,bullish
2024-07-03,11.8,50.1,61.900000000000006,0.331,0.251,75.0,bullish
2024-07-11,45.2,51.4,96.6,0.445,0.29,90.0,bullish
2024-07-17,7.6,11.6,19.2,0.368,0.5,85.0,bullish
2024-07-22,3.7,10.8,14.5,0.378,0.287,85.0,bearish
2024-07-23,2.5,15.3,17.8,0.68,0.438,70.0,bearish
2024-07-25,15.4,21.4,36.8,0.812,0.631,85.0,bearish
2024-07-26,10.5,13.3,23.8,0.695,0.955,85.0,bullish
2024-07-29,2.4,7.5,9.9,0.708,0.533,75.0,bearish
2024-07-30,10.1,14.0,24.1,0.693,0.436,95.0,bearish
2024-08-01,17.0,26.9,43.9,0.771,0.401,85.0,bullish
2024-08-07,2.3,8.4,10.7,0.739,0.512,80.0,bullish
2024-08-08,22.1,37.8,59.9,0.339,0.389,90.0,bearish
2024-08-13,15.3,18.0,33.3,0.333,0.489,80.0,bullish
2024-08-21,6.7,8.3,15.0,0.433,0.759,85.0,bullish
2024-08-26,6.8,15.3,22.1,0.824,0.458,90.0,bearish
2024-08-30,12.5,29.8,42.3,0.648,0.282,95.0,bearish
2024-09-02,6.3,9.8,16.1,0.333,0.296,95.0,bullish
2024-09-03,13.7,24.5,38.2,0.299,0.261,85.0,bullish
2024-09-12,8.8,19.4,28.2,0.943,0.454,95.0,bullish
2024-09-17,14.4,19.3,33.7,0.451,0.658,95.0,bearish
2024-09-19,23.4,29.3,52.7,0.355,0.266,95.0,bearish
2024-09-20,4.9,33.2,38.1,0.939,0.199,75.0,bearish
2024-09-23,5.4,27.5,32.9,0.37,0.705,75.0,bullish
2024-09-24,13.3,29.0,42.3,0.451,0.19,85.0,bullish
2024-09-26,26.2,38.0,64.2,0.714,0.408,85.0,bearish
2024-10-01,6.7,9.3,16.0,0.627,0.645,95.0,bearish
2024-10-03,10.7,21.5,32.2,0.869,0.995,85.0,bearish
2024-10-17,33.1,55.5,88.6,0.474,0.386,85.0,bearish
2024-10-18,10.5,14.2,24.7,0.543,0.387,85.0,bullish
2024-10-22,2.6,11.4,14.0,0.654,0.658,80.0,bearish
2024-10-23,7.7,11.6,19.3,0.403,0.431,95.0,bullish
2024-10-28,4.7,6.4,11.100000000000001,0.766,0.484,90.0,bullish
2024-10-29,6.6,30.5,37.1,0.318,0.433,85.0,bullish
2024-10-30,10.5,33.6,44.1,0.533,0.277,75.0,bullish
2024-11-04,3.4,14.5,17.9,0.324,0.31,85.0,bullish
2024-11-05,6.0,18.6,24.6,0.4,0.247,75.0,bullish
2024-11-08,18.3,22.6,40.900000000000006,0.443,0.243,85.0,bearish
2024-11-15,31.0,61.8,92.8,0.61,0.309,80.0,bearish
2024-11-21,18.0,23.4,41.4,0.483,0.491,85.0,bullish
2024-11-27,24.2,43.1,67.3,0.624,0.297,95.0,bullish
2024-12-03,4.7,14.6,19.3,0.362,0.473,75.0,bullish
2024-12-04,9.5,16.4,25.9,0.874,0.506,95.0,bearish
2024-12-05,22.2,43.5,65.7,0.874,0.253,80.0,bullish
2024-12-09,6.1,11.6,17.7,0.836,0.897,95.0,bullish
2024-12-18,6.3,8.8,15.100000000000001,0.794,0.602,95.0,bullish
2024-12-27,3.0,8.9,11.9,0.867,0.36,80.0,bullish
2024-12-30,6.2,57.8,64.0,0.468,0.289,85.0,bearish
2025-01-06,31.2,82.9,114.10000000000001,0.369,0.248,85.0,bearish
2025-01-14,28.4,30.1,58.5,0.961,0.581,80.0,bullish
2025-01-20,85.1,90.8,175.89999999999998,0.383,0.242,95.0,bullish
2025-01-21,13.0,35.6,48.6,0.492,0.211,75.0,bullish
2025-01-31,11.9,23.4,35.3,0.697,0.393,85.0,bearish
2025-02-03,10.9,18.3,29.200000000000003,0.56,0.776,95.0,bearish
2025-02-06,6.7,14.0,20.7,0.701,0.864,80.0,bullish
2025-02-11,6.2,19.3,25.5,1.0,0.461,75.0,bullish
2025-02-13,20.1,51.2,71.30000000000001,0.478,0.266,75.0,bullish
2025-02-14,14.1,30.0,44.1,0.915,0.307,80.0,bullish
2025-02-21,7.2,12.6,19.8,0.319,0.556,95.0,bullish
2025-02-26,8.2,10.3,18.5,0.707,0.34,95.0,bearish
2025-03-03,5.2,7.9,13.100000000000001,0.385,0.532,80.0,bullish
2025-03-05,12.7,70.2,82.9,0.89,0.288,70.0,bullish
2025-03-12,12.0,16.1,28.1,0.908,0.87,95.0,bearish
2025-03-13,9.7,32.2,41.900000000000006,0.464,0.286,75.0,bullish
2025-03-18,5.2,15.3,20.5,0.904,0.444,75.0,bearish
2025-03-31,11.8,24.8,36.6,0.492,0.282,80.0,bearish
2025-04-10,28.2,40.2,68.4,0.947,0.473,85.0,bullish
2025-05-06,6.8,10.7,17.5,0.412,0.458,90.0,bullish
2025-05-12,23.3,31.3,54.6,0.579,0.307,85.0,bullish
2025-05-15,18.5,29.8,48.3,0.422,0.446,80.0,bullish
2025-05-22,26.0,29.7,55.7,0.931,0.468,80.0,bearish
2025-05-23,13.5,24.6,38.1,0.43,0.76,90.0,bullish
2025-05-29,64.3,73.8,138.1,0.309,0.214,80.0,bullish
2025-06-05,16.9,63.2,80.1,0.71,0.217,70.0,bullish
2025-06-10,11.1,20.6,31.700000000000003,0.73,0.456,90.0,bullish
2025-06-16,7.8,30.0,37.8,0.91,0.263,75.0,bullish
2025-06-24,10.7,41.3,52.0,0.729,0.291,75.0,bullish
2025-06-27,17.8,33.8,51.599999999999994,0.421,0.482,90.0,bullish
2025-07-02,9.4,23.5,32.9,0.691,0.996,90.0,bearish
2025-07-14,3.1,11.1,14.2,0.613,0.802,75.0,bearish
2025-07-17,13.0,18.9,31.9,0.454,0.407,90.0,bullish
2025-07-23,4.9,10.2,15.1,0.571,0.941,90.0,bearish
2025-07-29,6.2,15.4,21.6,0.806,0.338,85.0,bearish
2025-07-30,32.1,54.9,87.0,0.402,0.246,85.0,bearish
2025-08-12,44.7,50.6,95.30000000000001,0.568,0.451,90.0,bullish
2025-08-19,8.7,13.6,22.299999999999997,0.598,0.471,80.0,bearish
2025-08-20,16.8,21.3,38.1,0.423,0.263,90.0,bullish
2025-09-05,48.6,57.7,106.30000000000001,0.588,0.314,80.0,bullish
2025-09-08,5.7,29.6,35.300000000000004,0.702,0.226,75.0,bullish
2025-09-09,8.6,10.5,19.1,0.384,0.362,80.0,bearish
2025-09-11,33.7,51.7,85.4,0.736,0.462,95.0,bullish
2025-09-12,10.2,11.4,21.6,0.598,0.579,80.0,bearish
2025-09-15,7.0,9.2,16.2,0.771,0.63,95.0,bullish
2025-09-17,10.5,18.3,28.8,0.562,0.388,85.0,bullish
2025-09-18,19.1,69.8,88.9,0.466,0.249,75.0,bearish
2025-09-22,9.7,13.6,23.299999999999997,0.433,0.426,95.0,bullish
2025-09-24,5.8,23.9,29.7,0.81,0.255,70.0,bearish
2025-09-25,48.6,56.2,104.80000000000001,0.383,0.26,80.0,bearish
2025-09-29,17.8,30.2,48.0,0.337,0.301,95.0,bullish
2025-09-30,8.0,24.5,32.5,0.6,0.612,75.0,bearish
2025-10-07,6.7,10.3,17.0,0.672,0.32,95.0,bullish
2025-10-09,7.2,14.8,22.0,0.958,0.966,95.0,bullish
2025-10-10,5.0,12.5,17.5,0.84,0.944,95.0,bearish
2025-10-15,6.6,15.6,22.2,0.576,0.558,95.0,bearish
2025-10-28,2.9,4.3,7.199999999999999,0.897,0.791,95.0,bullish
2025-10-29,8.6,11.2,19.799999999999997,0.488,0.321,90.0,bullish
2025-10-31,13.0,17.7,30.7,0.362,0.39,85.0,bearish
