time_group,num_events,event_keys,event_titles,countries,max_empirical_score,mean_empirical_score,impact_reel_pips,surprise_pct,year
2025-03-21 08:45:00+01:00,1,non farm payrolls,Non-Farm Payrolls,FR,47.27,47.27,12.2,2.1052631578947367,2025
2025-05-22 10:30:00+02:00,1,s p global services pmi,S&P Global Services PMI,GB,55.06,55.06,32.7,0.40000000000000563,2025
2025-05-02 09:15:00+02:00,2,"hcob manufacturing pmi,manufacturing pmi",HCOB Manufacturing PMI | Manufacturing PMI,ES,61.18,59.33,13.1,3.799999999999997,2025
2025-02-24 11:00:00+01:00,3,"core inflation rate,cpi,inflation rate",Core Inflation Rate | CPI | Inflation Rate,EU,59.03,57.98,10.6,0.007892036934736894,2025
2025-08-01 09:45:00+02:00,2,"hcob manufacturing pmi,manufacturing pmi",HCOB Manufacturing PMI | Manufacturing PMI,IT,57.67,57.650000000000006,12.5,2.2587268993839715,2025
2025-01-06 10:30:00+01:00,2,"s p global composite pmi,s p global services pmi",S&P Global Composite PMI | S&P Global Services PMI,GB,55.06,54.655,23.1,0.5836575875486326,2025
2025-04-23 15:45:00+02:00,3,"s p global composite pmi,s p global manufacturing pmi,s p global services pmi",S&P Global Composite PMI | S&P Global Manufacturing PMI | S&P Global Services PMI,US,72.91,72.05666666666667,50.4,3.258655804480654,2025
2025-05-26 08:30:00+02:00,1,non farm payrolls,Non Farm Payrolls,CH,52.74,52.74,21.1,0.2181818181818103,2025
2025-06-04 10:30:00+02:00,2,"s p global composite pmi,s p global services pmi",S&P Global Composite PMI | S&P Global Services PMI,GB,55.06,54.655,15.0,1.8218623481781346,2025
2025-06-23 15:45:00+02:00,2,"s p global composite pmi,s p global services pmi",S&P Global Composite PMI | S&P Global Services PMI,US,72.91,72.16499999999999,50.8,0.5714285714285661,2025
2025-06-27 16:00:00+02:00,6,"inflation expectations,michigan 5 year inflation expectations,michigan consumer expectations,michigan consumer sentiment,michigan current conditions,michigan inflation expectations",Inflation Expectations | Michigan 5 Year Inflation Expectations | Michigan Consumer Expectations,US,62.74,50.59,20.5,2.439024390243894,2025
2025-07-02 11:00:00+02:00,1,unemployment rate,Unemployment Rate,EU,56.9,56.9,5.5,1.6129032258064457,2025
2025-02-03 09:55:00+01:00,2,"hcob manufacturing pmi,manufacturing pmi",HCOB Manufacturing PMI | Manufacturing PMI,DE,68.32,67.05,19.5,2.040816326530609,2025
2025-02-28 15:20:00+01:00,1,consumer confidence,Consumer Confidence,ES,50.39,50.39,8.6,1.2790697674418539,2025
2025-02-20 23:00:00+01:00,5,"judo bank composite pmi,judo bank manufacturing pmi,judo bank services pmi,manufacturing pmi,services pmi",Judo Bank Composite PMI | Judo Bank Manufacturing PMI | Judo Bank Services PMI,AU,40.72,25.035999999999998,0.4,1.4028056112224507,2025
2024-07-24 10:30:00+02:00,3,"s p global composite pmi,s p global manufacturing pmi,s p global services pmi",S&P Global Composite PMI | S&P Global Manufacturing PMI | S&P Global Services PMI,GB,55.06,54.77,6.3,1.3698630136986218,2024
2024-11-27 19:00:00+01:00,1,baker hughes oil rig count,Baker Hughes Oil Rig Count,US,51.3,51.3,12.37,3.8461538461538494,2024
2024-12-05 14:30:00+01:00,2,"continuing jobless claims,initial jobless claims",Continuing Jobless Claims | Initial Jobless Claims,US,71.98,71.33000000000001,33.9,4.186046511627907,2024
2024-02-16 16:00:00+01:00,5,"michigan 5 year inflation expectations,michigan consumer expectations,michigan consumer sentiment,michigan current conditions,michigan inflation expectations",Michigan 5 Year Inflation Expectations | Michigan Consumer Expectations | Michigan Consumer Sentiment,US,62.74,49.288,22.7,2.483660130718962,2024
2024-11-01 10:30:00+01:00,1,s p global manufacturing pmi,S&P Global Manufacturing PMI,GB,55.0,55.0,6.82,0.7952286282306135,2024
2024-07-02 10:00:00+02:00,1,unemployment rate,Unemployment Rate,IT,56.36,56.36,6.6,1.4492753623188481,2024
2024-10-03 15:45:00+02:00,2,"s p global composite pmi,s p global services pmi",S&P Global Composite PMI | S&P Global Services PMI,US,72.91,72.16499999999999,28.82,0.7352941176470562,2024
2024-09-02 09:55:00+02:00,1,hcob manufacturing pmi,HCOB Manufacturing PMI,DE,65.78,65.78,13.1,0.7125890736341975,2024
2024-04-09 07:00:00+02:00,1,consumer confidence,Consumer Confidence,JP,29.67,29.67,3.0,0.5037783375314933,2024
2024-08-29 07:00:00+02:00,1,consumer confidence,Consumer Confidence,JP,29.67,29.67,2.4,0.5420054200541891,2024
2024-04-23 10:00:00+02:00,3,"hcob composite pmi,hcob manufacturing pmi,hcob services pmi",HCOB Composite PMI | HCOB Manufacturing PMI | HCOB Services PMI,EU,63.94,61.623333333333335,10.5,2.1235521235521264,2024
2024-11-22 10:00:00+01:00,4,"hcob composite pmi,hcob services pmi,manufacturing pmi,services pmi",HCOB Composite PMI | HCOB Services PMI | Manufacturing PMI,EU,69.33,65.0975,117.24,4.651162790697672,2024
2024-05-06 10:00:00+02:00,2,"hcob composite pmi,hcob services pmi",HCOB Composite PMI | HCOB Services PMI,EU,63.94,63.265,12.9,0.7561436672967837,2024
2024-11-04 09:15:00+01:00,2,"hcob manufacturing pmi,manufacturing pmi",HCOB Manufacturing PMI | Manufacturing PMI,ES,61.18,59.33,8.39,2.6365348399246678,2024
2024-08-08 14:30:00+02:00,2,"continuing jobless claims,initial jobless claims",Continuing Jobless Claims | Initial Jobless Claims,US,71.98,71.33000000000001,38.05,2.9166666666666665,2024
2025-06-26 08:00:00+02:00,1,consumer confidence,Consumer Confidence,DE,50.21,50.21,15.9,5.181347150259067,2025
2025-09-08 12:00:00+02:00,1,consumer confidence,Consumer Confidence,ES,50.39,50.39,3.3,7.662337662337669,2025
2025-03-28 10:00:00+01:00,1,consumer confidence,Consumer Confidence,IT,57.78,57.78,9.9,7.142857142857134,2025
2025-08-29 14:00:00+02:00,3,"cpi,harmonised inflation rate,inflation rate",CPI | Harmonised Inflation Rate | Inflation Rate,DE,55.29,54.89333333333334,13.0,5.000000000000004,2025
2025-02-21 16:00:00+01:00,6,"inflation expectations,michigan 5 year inflation expectations,michigan consumer expectations,michigan consumer sentiment,michigan current conditions,michigan inflation expectations",Inflation Expectations | Michigan 5 Year Inflation Expectations | Michigan Consumer Expectations,US,62.74,50.59,29.0,6.060606060606066,2025
2025-07-11 09:00:00+02:00,1,consumer confidence,Consumer Confidence,CH,59.96,59.96,14.4,8.571428571428571,2025
2025-08-05 16:00:00+02:00,2,"ism non manufacturing pmi,ism services pmi",ISM Non-Manufacturing PMI | ISM Services PMI,US,75.21,74.44999999999999,30.0,5.112781954887226,2025
2025-05-23 01:01:00+02:00,1,consumer confidence,Consumer Confidence,GB,29.86,29.86,3.5,9.090909090909092,2025
2025-04-04 07:45:00+02:00,1,unemployment rate,Unemployment Rate,CH,46.43,46.43,22.7,9.375000000000009,2025
2025-08-01 11:00:00+02:00,3,"core inflation rate,cpi,inflation rate",Core Inflation Rate | CPI | Inflation Rate,EU,59.03,57.98,15.7,5.263157894736848,2025
2025-05-30 16:00:00+02:00,6,"inflation expectations,michigan 5 year inflation expectations,michigan consumer expectations,michigan consumer sentiment,michigan current conditions,michigan inflation expectations",Inflation Expectations | Michigan 5 Year Inflation Expectations | Michigan Consumer Expectations,US,62.74,50.59,32.4,9.589041095890414,2025
2025-08-08 09:00:00+02:00,1,consumer confidence,Consumer Confidence,CH,59.96,59.96,11.95,10.0,2025
2025-02-05 16:00:00+01:00,2,"ism non manufacturing pmi,ism services pmi",ISM Non-Manufacturing PMI | ISM Services PMI,US,75.21,74.44999999999999,9.2,6.790123456790122,2025
2025-08-27 08:00:00+02:00,1,consumer confidence,Consumer Confidence,DE,50.21,50.21,4.7,7.27272727272728,2025
2025-02-28 11:00:00+01:00,3,"cpi,harmonised inflation rate,inflation rate",CPI | Harmonised Inflation Rate | Inflation Rate,IT,59.3,58.086666666666666,9.4,5.55555555555556,2025
2024-02-22 14:30:00+01:00,2,"continuing jobless claims,initial jobless claims",Continuing Jobless Claims | Initial Jobless Claims,US,71.98,71.33000000000001,27.6,7.79816513761468,2024
2024-12-30 09:00:00+01:00,4,"core inflation rate,cpi,harmonised inflation rate,inflation rate",Core Inflation Rate | CPI | Harmonised Inflation Rate,ES,62.12,60.1325,13.1,7.692307692307682,2024
2024-05-02 09:45:00+02:00,1,hcob manufacturing pmi,HCOB Manufacturing PMI,IT,57.67,57.67,27.3,5.400000000000006,2024
2024-09-13 08:45:00+02:00,2,"harmonised inflation rate,inflation rate",Harmonised Inflation Rate | Inflation Rate,FR,62.84,62.385000000000005,11.85,5.263157894736835,2024
2024-11-08 16:00:00+01:00,5,"michigan 5 year inflation expectations,michigan consumer expectations,michigan consumer sentiment,michigan current conditions,michigan inflation expectations",Michigan 5 Year Inflation Expectations | Michigan Consumer Expectations | Michigan Consumer Sentiment,US,62.74,49.288,10.76,5.795148247978433,2024
2024-03-01 11:00:00+01:00,6,"core inflation rate,cpi,harmonised inflation rate,inflation rate,inflation rate,unemployment rate",Core Inflation Rate | CPI | Harmonised Inflation Rate,"EU,IT",59.03,57.633333333333326,17.2,9.999999999999998,2024
2024-11-22 09:15:00+01:00,4,"hcob composite pmi,hcob services pmi,manufacturing pmi,services pmi",HCOB Composite PMI | HCOB Services PMI | Manufacturing PMI,FR,72.2,70.465,152.93,7.246376811594203,2024
2024-10-01 09:15:00+02:00,1,hcob manufacturing pmi,HCOB Manufacturing PMI,ES,57.48,57.48,11.26,5.788423153692611,2024
2024-12-16 11:00:00+01:00,3,"cpi,harmonised inflation rate,inflation rate",CPI | Harmonised Inflation Rate | Inflation Rate,IT,59.3,58.086666666666666,17.1,7.142857142857134,2024
2024-04-12 09:00:00+02:00,4,"core inflation rate,cpi,harmonised inflation rate,inflation rate",Core Inflation Rate | CPI | Harmonised Inflation Rate,ES,62.12,60.1325,4.8,7.692307692307682,2024
2024-07-11 14:30:00+02:00,6,"continuing jobless claims,core inflation rate,cpi,cpi s a,inflation rate,initial jobless claims",Continuing Jobless Claims | Core Inflation Rate | CPI,US,81.7,76.90833333333333,49.9,5.932203389830509,2024
2024-05-30 11:00:00+02:00,2,"consumer confidence,unemployment rate",Consumer Confidence | Unemployment Rate,EU,58.03,57.465,4.1,5.319148936170213,2024
2024-08-09 10:00:00+02:00,2,"harmonised inflation rate,inflation rate",Harmonised Inflation Rate | Inflation Rate,IT,57.88,57.480000000000004,1.5,5.882352941176463,2024
2024-01-09 10:00:00+01:00,1,unemployment rate,Unemployment Rate,IT,56.36,56.36,10.3,5.06329113924051,2024
2024-05-09 14:30:00+02:00,2,"continuing jobless claims,initial jobless claims",Continuing Jobless Claims | Initial Jobless Claims,US,71.98,71.33000000000001,27.8,10.0,2024
2025-09-11 14:30:00+02:00,6,"continuing jobless claims,core inflation rate,cpi,cpi s a,inflation rate,initial jobless claims",Continuing Jobless Claims | Core Inflation Rate | CPI,US,81.7,76.90833333333333,59.2,11.914893617021278,2025
2025-08-29 01:30:00+02:00,3,"core cpi,cpi,unemployment rate",Core CPI | CPI | Unemployment Rate,JP,28.35,27.126666666666665,5.7,11.111111111111104,2025
2025-04-30 01:50:00+02:00,2,"industrial production,retail sales",Industrial Production | Retail Sales,JP,28.36,27.555,10.8,11.428571428571425,2025
2025-07-25 10:00:00+02:00,1,consumer confidence,Consumer Confidence,IT,57.78,57.78,8.9,15.789473684210542,2025
2025-07-01 09:30:00+02:00,1,procure ch manufacturing pmi,procure.ch Manufacturing PMI,CH,54.61,54.61,3.5,12.727272727272732,2025
2025-01-24 00:30:00+01:00,4,"core inflation rate,cpi,inflation rate,inflation rate ex food and energy",Core Inflation Rate | CPI | Inflation Rate,JP,28.07,25.995,3.5,12.499999999999996,2025
2025-04-03 16:00:00+02:00,2,"ism non manufacturing pmi,ism services pmi",ISM Non-Manufacturing PMI | ISM Services PMI,US,75.21,74.44999999999999,39.9,12.830188679245277,2025
2025-05-27 16:00:00+02:00,1,cb consumer confidence,CB Consumer Confidence,US,60.04,60.04,21.1,12.643678160919542,2025
2025-02-26 08:00:00+01:00,1,consumer confidence,Consumer Confidence,DE,50.21,50.21,0.9,15.420560747663556,2025
2025-07-29 10:00:00+02:00,1,trade balance,Trade Balance,IT,54.51,54.51,22.1,10.344827586206891,2025
2025-01-08 08:45:00+01:00,2,"consumer confidence,trade balance",Consumer Confidence | Trade Balance,FR,58.51,55.735,18.8,15.000000000000002,2025
2025-08-29 16:00:00+02:00,6,"inflation expectations,michigan 5 year inflation expectations,michigan consumer expectations,michigan consumer sentiment,michigan current conditions,michigan inflation expectations",Inflation Expectations | Michigan 5 Year Inflation Expectations | Michigan Consumer Expectations,US,62.74,50.59,31.7,10.256410256410255,2025
2025-04-25 01:30:00+02:00,2,"core cpi,cpi",Core CPI | CPI,JP,28.07,26.515,19.4,12.90322580645161,2025
2025-05-15 08:45:00+02:00,3,"cpi,harmonised inflation rate,inflation rate",CPI | Harmonised Inflation Rate | Inflation Rate,FR,66.35,63.70666666666667,15.2,19.999999999999996,2025
2025-08-22 01:01:00+02:00,1,consumer confidence,Consumer Confidence,GB,29.86,29.86,3.4,15.0,2025
2024-03-21 09:30:00+01:00,4,"hcob composite pmi,hcob manufacturing pmi,hcob services pmi,snb interest rate decision",HCOB Composite PMI | HCOB Manufacturing PMI | HCOB Services PMI,"CH,DE",69.27,66.81,26.8,14.285714285714285,2024
2024-02-07 08:45:00+01:00,1,private non farm payrolls,Private Non Farm Payrolls,FR,35.32,35.32,9.5,13.816666666666663,2024
2024-12-19 08:00:00+01:00,2,"consumer confidence,trade balance",Consumer Confidence | Trade Balance,"CH,DE",66.64,58.425,19.7,12.51612903225806,2024
2024-05-10 20:00:00+02:00,1,monthly budget statement,Monthly Budget Statement,US,50.1,50.1,4.6,14.11042944785276,2024
2024-11-08 09:00:00+01:00,1,consumer confidence,Consumer Confidence,CH,59.96,59.96,2.76,12.121212121212121,2024
2024-06-14 16:00:00+02:00,5,"michigan 5 year inflation expectations,michigan consumer expectations,michigan consumer sentiment,michigan current conditions,michigan inflation expectations",Michigan 5 Year Inflation Expectations | Michigan Consumer Expectations | Michigan Consumer Sentiment,US,62.74,49.288,19.6,11.971830985915492,2024
2024-09-27 11:00:00+02:00,1,consumer confidence,Consumer Confidence,EU,58.03,58.03,18.1,19.642857142857153,2024
2024-10-11 16:00:00+02:00,5,"michigan 5 year inflation expectations,michigan consumer expectations,michigan consumer sentiment,michigan current conditions,michigan inflation expectations",Michigan 5 Year Inflation Expectations | Michigan Consumer Expectations | Michigan Consumer Sentiment,US,62.74,49.288,10.73,11.538461538461531,2024
2024-08-16 08:00:00+02:00,2,"retail sales,retail sales ex fuel",Retail Sales | Retail Sales ex Fuel,GB,50.25,50.09,4.8,12.50000000000001,2024
2024-01-30 11:00:00+01:00,2,"consumer confidence,gdp growth rate",Consumer Confidence | GDP Growth Rate,EU,58.03,54.735,14.0,10.000000000000009,2024
2024-02-27 00:30:00+01:00,3,"core inflation rate,inflation rate,inflation rate ex food and energy",Core Inflation Rate | Inflation Rate | Inflation Rate Ex-Food and Energy,JP,25.66,25.30333333333333,2.5,11.111111111111107,2024
2024-10-29 08:00:00+01:00,1,gfk consumer confidence,Gfk Consumer Confidence,DE,49.68,49.68,5.66,10.731707317073168,2024
2024-05-31 11:00:00+02:00,5,"core inflation rate,cpi,harmonised inflation rate,inflation rate,inflation rate",Core Inflation Rate | CPI | Harmonised Inflation Rate,"EU,IT",59.03,57.779999999999994,11.8,14.285714285714299,2024
2024-10-10 14:30:00+02:00,6,"continuing jobless claims,core inflation rate,cpi,cpi s a,inflation rate,initial jobless claims",Continuing Jobless Claims | Core Inflation Rate | CPI,US,81.7,76.90833333333333,22.67,12.173913043478262,2024
2024-06-21 01:01:00+02:00,1,gfk consumer confidence,Gfk Consumer Confidence,GB,20.78,20.78,5.3,12.5,2024
2025-02-04 16:00:00+01:00,1,factory orders,Factory Orders,US,65.08,65.08,23.4,50.0,2025
2025-02-12 20:00:00+01:00,1,monthly budget statement,Monthly Budget Statement,US,50.1,50.1,9.9,46.42451759364359,2025
2025-02-27 09:00:00+01:00,6,"core inflation rate,cpi,gdp growth rate,gross domestic product,harmonised inflation rate,inflation rate",Core Inflation Rate | CPI | GDP Growth Rate,"CH,ES",62.12,59.223333333333336,8.0,33.33333333333335,2025
2025-01-03 09:55:00+01:00,1,unemployment rate,Unemployment Rate,DE,61.5,61.5,19.0,33.33333333333333,2025
2025-05-23 00:45:00+02:00,1,retail sales,Retail Sales,NZ,34.4,34.4,5.7,42.85714285714285,2025
2025-02-04 22:45:00+01:00,1,unemployment rate,Unemployment Rate,NZ,18.81,18.81,2.2,50.0,2025
2025-03-05 16:00:00+01:00,2,"factory orders,ism services pmi",Factory Orders | ISM Services PMI,US,73.69,69.38499999999999,23.6,33.33333333333333,2025
2025-04-30 08:00:00+02:00,1,retail sales,Retail Sales,DE,55.32,55.32,14.7,50.0,2025
2025-09-09 08:45:00+02:00,1,industrial production,Industrial Production,FR,53.81,53.81,16.8,38.888888888888886,2025
2025-08-14 14:30:00+02:00,2,"continuing jobless claims,initial jobless claims",Continuing Jobless Claims | Initial Jobless Claims,US,71.98,71.33000000000001,35.0,27.586206896551737,2025
2025-03-10 09:00:00+01:00,1,consumer confidence,Consumer Confidence,CH,59.96,59.96,11.6,21.428571428571427,2025
2025-06-02 09:00:00+02:00,2,"gdp growth rate,gross domestic product",GDP Growth Rate | Gross Domestic Product,CH,58.88,57.405,36.1,34.666666666666664,2025
2025-07-11 08:45:00+02:00,3,"cpi,harmonised inflation rate,inflation rate",CPI | Harmonised Inflation Rate | Inflation Rate,FR,66.35,63.70666666666667,16.7,33.33333333333335,2025
2025-09-01 10:30:00+02:00,1,s p global manufacturing pmi,S&P Global Manufacturing PMI,GB,55.0,55.0,15.1,50.0,2025
2025-05-27 08:00:00+02:00,2,"consumer confidence,trade balance",Consumer Confidence | Trade Balance,"CH,DE",66.64,58.425,11.1,34.042553191489354,2025
2024-04-24 03:30:00+02:00,5,"cpi,inflation rate,monthly cpi indicator,rba trimmed mean cpi,rba weighted median cpi",CPI | Inflation Rate | Monthly CPI Indicator,AU,37.78,35.436,2.6,24.999999999999993,2024
2024-12-12 09:30:00+01:00,1,snb interest rate decision,SNB Interest Rate Decision,CH,69.27,69.27,11.9,33.33333333333333,2024
2024-09-09 01:50:00+02:00,1,gdp growth rate,GDP Growth Rate,JP,29.38,29.38,6.55,23.315181709342284,2024
2024-05-29 14:00:00+02:00,2,"harmonised inflation rate,inflation rate",Harmonised Inflation Rate | Inflation Rate,DE,55.29,54.9,0.8,50.0,2024
2024-12-03 23:00:00+01:00,2,"judo bank composite pmi,judo bank services pmi",Judo Bank Composite PMI | Judo Bank Services PMI,AU,20.96,17.47,5.3,49.29577464788733,2024
2024-08-30 08:45:00+02:00,3,"gdp growth rate,harmonised inflation rate,inflation rate",GDP Growth Rate | Harmonised Inflation Rate | Inflation Rate,FR,62.84,58.00666666666667,4.05,40.0,2024
2024-05-29 10:00:00+02:00,1,consumer confidence,Consumer Confidence,IT,57.78,57.78,21.0,50.0,2024
2024-06-10 01:50:00+02:00,1,gdp growth rate,GDP Growth Rate,JP,29.38,29.38,7.1,42.85714285714285,2024
2024-08-30 03:30:00+02:00,1,retail sales,Retail Sales,AU,33.03,33.03,11.65,24.999999999999993,2024
2024-11-28 14:00:00+01:00,3,"cpi,harmonised inflation rate,inflation rate",CPI | Harmonised Inflation Rate | Inflation Rate,DE,55.29,54.89333333333334,14.52,39.99999999999999,2024
2024-02-13 08:30:00+01:00,2,"cpi,inflation rate",CPI | Inflation Rate,CH,57.81,57.644999999999996,7.2,23.529411764705877,2024
2024-09-27 09:00:00+02:00,4,"core inflation rate,gdp growth rate,harmonised inflation rate,inflation rate",Core Inflation Rate | GDP Growth Rate | Harmonised Inflation Rate,ES,64.87,60.82,16.34,21.052631578947363,2024
2024-04-05 02:30:00+02:00,1,retail sales,Retail Sales,AU,33.03,33.03,4.1,30.0,2024
2024-01-04 14:00:00+01:00,2,"harmonised inflation rate,inflation rate",Harmonised Inflation Rate | Inflation Rate,DE,55.29,54.9,20.7,33.33333333333333,2024
2024-11-07 13:00:00+01:00,2,"boe interest rate decision,interest rate decision",BoE Interest Rate Decision | Interest Rate Decision,GB,58.97,55.8,17.61,34.48275862068966,2024
