time_group,num_events,event_keys,event_titles,countries,max_empirical_score,mean_empirical_score,impact_reel_pips,surprise_pct,year,impact_base,amplification_v1,impact_v1_brut,impact_v1_final,amplification_v2,impact_v2_brut,impact_v2_final,impact_reel,erreur_v1,erreur_v2,erreur_pct_v1,erreur_pct_v2,amelioration_pct,surprise_range
2025-03-21 08:45:00+01:00,1,non farm payrolls,Non-Farm Payrolls,FR,47.27,47.27,12.2,2.1052631578947367,2025,12.72613,1.0,12.72613,9.64640654,1.0,12.72613,9.64640654,12.2,2.55359346,2.55359346,20.931093934426233,20.931093934426233,0.0,0-5%
2025-05-22 10:30:00+02:00,1,s p global services pmi,S&P Global Services PMI,GB,55.06,55.06,32.7,0.4000000000000056,2025,15.990139999999998,1.0,15.990139999999998,12.12052612,1.0,15.990139999999998,12.12052612,32.7,20.579473880000002,20.579473880000002,62.93417088685015,62.93417088685015,0.0,0-5%
2025-05-02 09:15:00+02:00,2,"hcob manufacturing pmi,manufacturing pmi",HCOB Manufacturing PMI | Manufacturing PMI,ES,61.18,59.33,13.1,3.799999999999997,2025,18.55442,1.0,18.55442,14.06425036,1.0,18.55442,14.06425036,13.1,0.9642503600000012,0.9642503600000012,7.360689770992376,7.360689770992376,0.0,0-5%
2025-02-24 11:00:00+01:00,3,"core inflation rate,cpi,inflation rate",Core Inflation Rate | CPI | Inflation Rate,EU,59.03,57.98,10.6,0.0078920369347368,2025,17.653570000000002,1.0,17.653570000000002,13.381406060000002,1.0,17.653570000000002,13.381406060000002,10.6,2.781406060000002,2.781406060000002,26.23967981132077,26.23967981132077,0.0,0-5%
2025-08-01 09:45:00+02:00,2,"hcob manufacturing pmi,manufacturing pmi",HCOB Manufacturing PMI | Manufacturing PMI,IT,57.67,57.650000000000006,12.5,2.2587268993839715,2025,17.083730000000003,1.0,17.083730000000003,12.949467340000002,1.0,17.083730000000003,12.949467340000002,12.5,0.44946734000000177,0.44946734000000177,3.595738720000014,3.595738720000014,0.0,0-5%
2025-01-06 10:30:00+01:00,2,"s p global composite pmi,s p global services pmi",S&P Global Composite PMI | S&P Global Services PMI,GB,55.06,54.655,23.1,0.5836575875486326,2025,15.990139999999998,1.0,15.990139999999998,12.12052612,1.0,15.990139999999998,12.12052612,23.1,10.979473880000002,10.979473880000002,47.53018995670996,47.53018995670996,0.0,0-5%
2025-04-23 15:45:00+02:00,3,"s p global composite pmi,s p global manufacturing pmi,s p global services pmi",S&P Global Composite PMI | S&P Global Manufacturing PMI | S&P Global Services PMI,US,72.91,72.05666666666667,50.4,3.258655804480654,2025,23.469289999999994,1.0,23.469289999999994,17.789721819999997,1.0,23.469289999999994,17.789721819999997,50.4,32.61027818,32.61027818,64.7029328968254,64.7029328968254,0.0,0-5%
2025-05-26 08:30:00+02:00,1,non farm payrolls,Non Farm Payrolls,CH,52.74,52.74,21.1,0.2181818181818103,2025,15.01806,1.0,15.01806,11.383689480000001,1.0,15.01806,11.383689480000001,21.1,9.71631052,9.71631052,46.048865023696685,46.048865023696685,0.0,0-5%
2025-06-04 10:30:00+02:00,2,"s p global composite pmi,s p global services pmi",S&P Global Composite PMI | S&P Global Services PMI,GB,55.06,54.655,15.0,1.8218623481781344,2025,15.990139999999998,1.0,15.990139999999998,12.12052612,1.0,15.990139999999998,12.12052612,15.0,2.879473880000001,2.879473880000001,19.19649253333334,19.19649253333334,0.0,0-5%
2025-06-23 15:45:00+02:00,2,"s p global composite pmi,s p global services pmi",S&P Global Composite PMI | S&P Global Services PMI,US,72.91,72.16499999999999,50.8,0.5714285714285661,2025,23.469289999999994,1.0,23.469289999999994,17.789721819999997,1.0,23.469289999999994,17.789721819999997,50.8,33.01027818,33.01027818,64.98086255905513,64.98086255905513,0.0,0-5%
2025-06-27 16:00:00+02:00,6,"inflation expectations,michigan 5 year inflation expectations,michigan consumer expectations,michigan consumer sentiment,michigan current conditions,michigan inflation expectations",Inflation Expectations | Michigan 5 Year Inflation Expectations | Michigan Consumer Expectations,US,62.74,50.59,20.5,2.439024390243894,2025,19.208060000000003,1.0,19.208060000000003,14.559709480000002,1.0,19.208060000000003,14.559709480000002,20.5,5.940290519999998,5.940290519999998,28.977026926829257,28.977026926829257,0.0,0-5%
2025-07-02 11:00:00+02:00,1,unemployment rate,Unemployment Rate,EU,56.9,56.9,5.5,1.6129032258064455,2025,16.7611,1.0,16.7611,12.7049138,1.0,16.7611,12.7049138,5.5,7.2049138,7.2049138,130.99843272727273,130.99843272727273,0.0,0-5%
2025-02-03 09:55:00+01:00,2,"hcob manufacturing pmi,manufacturing pmi",HCOB Manufacturing PMI | Manufacturing PMI,DE,68.32,67.05,19.5,2.040816326530609,2025,21.546079999999996,1.0,21.546079999999996,16.331928639999997,1.0,21.546079999999996,16.331928639999997,19.5,3.1680713600000026,3.1680713600000026,16.24651979487181,16.24651979487181,0.0,0-5%
2025-02-28 15:20:00+01:00,1,consumer confidence,Consumer Confidence,ES,50.39,50.39,8.6,1.279069767441854,2025,14.033409999999998,1.0,14.033409999999998,10.637324779999998,1.0,14.033409999999998,10.637324779999998,8.6,2.0373247799999987,2.0373247799999987,23.689823023255798,23.689823023255798,0.0,0-5%
2025-02-20 23:00:00+01:00,5,"judo bank composite pmi,judo bank manufacturing pmi,judo bank services pmi,manufacturing pmi,services pmi",Judo Bank Composite PMI | Judo Bank Manufacturing PMI | Judo Bank Services PMI,AU,40.72,25.036,0.4,1.4028056112224507,2025,9.981679999999999,1.0,9.981679999999999,7.56611344,1.0,9.981679999999999,7.56611344,0.4,7.166113439999999,7.166113439999999,1791.5283599999998,1791.5283599999998,0.0,0-5%
2024-07-24 10:30:00+02:00,3,"s p global composite pmi,s p global manufacturing pmi,s p global services pmi",S&P Global Composite PMI | S&P Global Manufacturing PMI | S&P Global Services PMI,GB,55.06,54.77,6.3,1.3698630136986218,2024,15.990139999999998,1.0,15.990139999999998,12.12052612,1.0,15.990139999999998,12.12052612,6.3,5.820526119999999,5.820526119999999,92.38930349206348,92.38930349206348,0.0,0-5%
2024-11-27 19:00:00+01:00,1,baker hughes oil rig count,Baker Hughes Oil Rig Count,US,51.3,51.3,12.37,3.84615384615385,2024,14.414699999999998,1.0,14.414699999999998,10.926342599999998,1.0,14.414699999999998,10.926342599999998,12.37,1.443657400000001,1.443657400000001,11.670633791430891,11.670633791430891,0.0,0-5%
2024-12-05 14:30:00+01:00,2,"continuing jobless claims,initial jobless claims",Continuing Jobless Claims | Initial Jobless Claims,US,71.98,71.33000000000001,33.9,4.186046511627907,2024,23.07962,1.0,23.07962,17.49435196,1.0,23.07962,17.49435196,33.9,16.40564804,16.40564804,48.394242005899706,48.394242005899706,0.0,0-5%
2024-02-16 16:00:00+01:00,5,"michigan 5 year inflation expectations,michigan consumer expectations,michigan consumer sentiment,michigan current conditions,michigan inflation expectations",Michigan 5 Year Inflation Expectations | Michigan Consumer Expectations | Michigan Consumer Sentiment,US,62.74,49.288,22.7,2.483660130718962,2024,19.208060000000003,1.0,19.208060000000003,14.559709480000002,1.0,19.208060000000003,14.559709480000002,22.7,8.140290519999997,8.140290519999997,35.86031066079294,35.86031066079294,0.0,0-5%
2024-11-01 10:30:00+01:00,1,s p global manufacturing pmi,S&P Global Manufacturing PMI,GB,55.0,55.0,6.82,0.7952286282306135,2024,15.964999999999998,1.0,15.964999999999998,12.101469999999999,1.0,15.964999999999998,12.101469999999999,6.82,5.281469999999999,5.281469999999999,77.44090909090907,77.44090909090907,0.0,0-5%
2024-07-02 10:00:00+02:00,1,unemployment rate,Unemployment Rate,IT,56.36,56.36,6.6,1.449275362318848,2024,16.534839999999996,1.0,16.534839999999996,12.533408719999997,1.0,16.534839999999996,12.533408719999997,6.6,5.933408719999997,5.933408719999997,89.90013212121208,89.90013212121208,0.0,0-5%
2024-10-03 15:45:00+02:00,2,"s p global composite pmi,s p global services pmi",S&P Global Composite PMI | S&P Global Services PMI,US,72.91,72.16499999999999,28.82,0.7352941176470562,2024,23.469289999999994,1.0,23.469289999999994,17.789721819999997,1.0,23.469289999999994,17.789721819999997,28.82,11.030278180000003,11.030278180000003,38.27299854267871,38.27299854267871,0.0,0-5%
2024-09-02 09:55:00+02:00,1,hcob manufacturing pmi,HCOB Manufacturing PMI,DE,65.78,65.78,13.1,0.7125890736341975,2024,20.48182,1.0,20.48182,15.52521956,1.0,20.48182,15.52521956,13.1,2.4252195600000004,2.4252195600000004,18.513126412213744,18.513126412213744,0.0,0-5%
2024-04-09 07:00:00+02:00,1,consumer confidence,Consumer Confidence,JP,29.67,29.67,3.0,0.5037783375314933,2024,5.35173,1.0,5.35173,4.05661134,1.0,5.35173,4.05661134,3.0,1.05661134,1.05661134,35.220378,35.220378,0.0,0-5%
2024-08-29 07:00:00+02:00,1,consumer confidence,Consumer Confidence,JP,29.67,29.67,2.4,0.5420054200541891,2024,5.35173,1.0,5.35173,4.05661134,1.0,5.35173,4.05661134,2.4,1.65661134,1.65661134,69.0254725,69.0254725,0.0,0-5%
2024-04-23 10:00:00+02:00,3,"hcob composite pmi,hcob manufacturing pmi,hcob services pmi",HCOB Composite PMI | HCOB Manufacturing PMI | HCOB Services PMI,EU,63.94,61.623333333333335,10.5,2.1235521235521264,2024,19.710859999999997,1.0,19.710859999999997,14.940831879999998,1.0,19.710859999999997,14.940831879999998,10.5,4.4408318799999975,4.4408318799999975,42.29363695238093,42.29363695238093,0.0,0-5%
2024-11-22 10:00:00+01:00,4,"hcob composite pmi,hcob services pmi,manufacturing pmi,services pmi",HCOB Composite PMI | HCOB Services PMI | Manufacturing PMI,EU,69.33,65.0975,117.24,4.651162790697672,2024,21.969269999999995,1.0,21.969269999999995,16.652706659999996,1.0,21.969269999999995,16.652706659999996,117.24,100.58729334,100.58729334,85.79605368474924,85.79605368474924,0.0,0-5%
2024-05-06 10:00:00+02:00,2,"hcob composite pmi,hcob services pmi",HCOB Composite PMI | HCOB Services PMI,EU,63.94,63.265,12.9,0.7561436672967837,2024,19.710859999999997,1.0,19.710859999999997,14.940831879999998,1.0,19.710859999999997,14.940831879999998,12.9,2.040831879999997,2.040831879999997,15.820402170542614,15.820402170542614,0.0,0-5%
2024-11-04 09:15:00+01:00,2,"hcob manufacturing pmi,manufacturing pmi",HCOB Manufacturing PMI | Manufacturing PMI,ES,61.18,59.33,8.39,2.636534839924668,2024,18.55442,1.0,18.55442,14.06425036,1.0,18.55442,14.06425036,8.39,5.67425036,5.67425036,67.6311127532777,67.6311127532777,0.0,0-5%
2024-08-08 14:30:00+02:00,2,"continuing jobless claims,initial jobless claims",Continuing Jobless Claims | Initial Jobless Claims,US,71.98,71.33000000000001,38.05,2.9166666666666665,2024,23.07962,1.0,23.07962,17.49435196,1.0,23.07962,17.49435196,38.05,20.555648039999998,20.555648039999998,54.02272809461235,54.02272809461235,0.0,0-5%
2025-06-26 08:00:00+02:00,1,consumer confidence,Consumer Confidence,DE,50.21,50.21,15.9,5.181347150259067,2025,13.95799,1.0725388601036268,14.970486683937821,11.347628906424868,1.02720207253886,14.337676256476684,10.867958602409326,15.9,4.5523710935751325,5.032041397590675,28.63126473946624,31.64805910434386,-3.0167943648776223,5-10%
2025-09-08 12:00:00+02:00,1,consumer confidence,Consumer Confidence,ES,50.39,50.39,3.3,7.662337662337669,2025,14.033409999999998,2.0649350649350677,28.978080389610426,21.965384935324703,1.3993506493506502,19.637661396103905,14.88534733824676,3.3,18.665384935324703,11.585347338246759,565.6177253128698,351.071131462023,214.54659385084676,5-10%
2025-03-28 10:00:00+01:00,1,consumer confidence,Consumer Confidence,IT,57.78,57.78,9.9,7.142857142857134,2025,17.129820000000002,1.8571428571428537,31.812522857142802,24.113892325714243,1.32142857142857,22.635833571428552,17.157961847142843,9.9,14.213892325714243,7.257961847142843,143.5746699567095,73.31274593073577,70.26192402597373,5-10%
2025-08-29 14:00:00+02:00,3,"cpi,harmonised inflation rate,inflation rate",CPI | Harmonised Inflation Rate | Inflation Rate,DE,55.29,54.89333333333334,13.0,5.000000000000004,2025,16.086509999999997,1.0000000000000018,16.086510000000025,12.19357458000002,1.0000000000000007,16.086510000000008,12.193574580000005,13.0,0.8064254199999805,0.8064254199999947,6.203272461538312,6.203272461538421,-1.092459456231154e-13,5-10%
2025-02-21 16:00:00+01:00,6,"inflation expectations,michigan 5 year inflation expectations,michigan consumer expectations,michigan consumer sentiment,michigan current conditions,michigan inflation expectations",Inflation Expectations | Michigan 5 Year Inflation Expectations | Michigan Consumer Expectations,US,62.74,50.59,29.0,6.060606060606066,2025,19.208060000000003,1.4242424242424263,27.356933939393983,20.73655592606064,1.1590909090909098,22.263887727272746,16.87602689727274,29.0,8.263444073939361,12.123973102727259,28.494634737721935,41.806803802507794,-13.31216906478586,5-10%
2025-07-11 09:00:00+02:00,1,consumer confidence,Consumer Confidence,CH,59.96,59.96,14.4,8.571428571428571,2025,18.043239999999997,2.428571428571429,43.81929714285714,33.215027234285714,1.5357142857142856,27.709261428571423,21.00362016285714,14.4,18.815027234285715,6.603620162857139,130.65991134920637,45.858473353174574,84.8014379960318,5-10%
2025-08-05 16:00:00+02:00,2,"ism non manufacturing pmi,ism services pmi",ISM Non-Manufacturing PMI | ISM Services PMI,US,75.21,74.44999999999999,30.0,5.112781954887226,2025,24.432989999999997,1.0451127819548904,25.535230150376016,19.35570445398502,1.0169172932330839,24.846330056391004,18.83351818274438,30.0,10.64429554601498,11.166481817255619,35.480985153383266,37.22160605751873,-1.7406209041354614,5-10%
2025-05-23 01:01:00+02:00,1,consumer confidence,Consumer Confidence,GB,29.86,29.86,3.5,9.090909090909092,2025,5.431339999999999,2.6363636363636367,14.318987272727272,10.853792352727272,1.0,5.431339999999999,4.116955719999999,3.5,7.353792352727272,0.6169557199999991,210.10835293506491,17.62730628571426,192.48104664935065,5-10%
2025-04-04 07:45:00+02:00,1,unemployment rate,Unemployment Rate,CH,46.43,46.43,22.7,9.375000000000009,2025,12.374169999999998,2.7500000000000036,34.028967500000036,25.79395736500003,1.6562500000000013,20.494719062500014,15.534997049375011,22.7,3.09395736500003,7.165002950624988,13.629768127753437,31.563889650330346,-17.93412152257691,5-10%
2025-08-01 11:00:00+02:00,3,"core inflation rate,cpi,inflation rate",Core Inflation Rate | CPI | Inflation Rate,EU,59.03,57.98,15.7,5.263157894736848,2025,17.653570000000002,1.1052631578947392,19.511840526315833,14.789975118947401,1.0394736842105272,18.35042144736844,13.909619457105277,15.7,0.9100248810525979,1.790380542894722,5.79633682199107,11.40369772544409,-5.60736090345302,5-10%
2025-05-30 16:00:00+02:00,6,"inflation expectations,michigan 5 year inflation expectations,michigan consumer expectations,michigan consumer sentiment,michigan current conditions,michigan inflation expectations",Inflation Expectations | Michigan 5 Year Inflation Expectations | Michigan Consumer Expectations,US,62.74,50.59,32.4,9.589041095890414,2025,19.208060000000003,2.8356164383561655,54.466690684931535,41.2857515391781,1.688356164383562,32.43004650684933,24.581975252191793,32.4,8.885751539178102,7.818024747808206,27.42515907153735,24.129706011753722,3.295453059783629,5-10%
2025-08-08 09:00:00+02:00,1,consumer confidence,Consumer Confidence,CH,59.96,59.96,11.95,10.0,2025,18.043239999999997,3.0,54.12971999999999,41.03032775999999,1.75,31.575669999999995,23.934357859999995,11.95,29.080327759999992,11.984357859999996,243.35002309623425,100.28751347280331,143.06250962343094,5-10%
2025-02-05 16:00:00+01:00,2,"ism non manufacturing pmi,ism services pmi",ISM Non-Manufacturing PMI | ISM Services PMI,US,75.21,74.44999999999999,9.2,6.790123456790122,2025,24.432989999999997,1.7160493827160486,41.92821740740738,31.781588794814795,1.2685185185185182,30.993700277777766,23.493224810555546,9.2,22.581588794814795,14.293224810555547,245.45205211755214,155.361139245169,90.09091287238314,5-10%
2025-08-27 08:00:00+02:00,1,consumer confidence,Consumer Confidence,DE,50.21,50.21,4.7,7.27272727272728,2025,13.95799,1.9090909090909118,26.647071818181857,20.198480438181846,1.340909090909092,18.7163956818182,14.187027926818194,4.7,15.498480438181847,9.487027926818193,329.7549029400393,201.85165801740834,127.90324492263096,5-10%
2025-02-28 11:00:00+01:00,3,"cpi,harmonised inflation rate,inflation rate",CPI | Harmonised Inflation Rate | Inflation Rate,IT,59.3,58.086666666666666,9.4,5.55555555555556,2025,17.7667,1.2222222222222239,21.714855555555584,16.45986051111113,1.083333333333334,19.247258333333345,14.589421816666675,9.4,7.059860511111131,5.189421816666675,75.10489905437373,55.20661507092207,19.898283983451662,5-10%
2024-02-22 14:30:00+01:00,2,"continuing jobless claims,initial jobless claims",Continuing Jobless Claims | Initial Jobless Claims,US,71.98,71.33000000000001,27.6,7.79816513761468,2024,23.07962,2.119266055045872,48.911855229357805,37.07518626385322,1.419724770642202,32.766708211009174,24.837164823944953,27.6,9.475186263853217,2.7628351760550487,34.33038501396093,10.010272377011045,24.320112636949883,5-10%
2024-12-30 09:00:00+01:00,4,"core inflation rate,cpi,harmonised inflation rate,inflation rate",Core Inflation Rate | CPI | Harmonised Inflation Rate,ES,62.12,60.1325,13.1,7.692307692307682,2024,18.948279999999997,2.076923076923073,39.354119999999924,29.830422959999943,1.4038461538461522,26.600469999999966,20.163156259999976,13.1,16.73042295999994,7.063156259999976,127.71315236641176,53.91722335877844,73.79592900763332,5-10%
2024-05-02 09:45:00+02:00,1,hcob manufacturing pmi,HCOB Manufacturing PMI,IT,57.67,57.67,27.3,5.400000000000006,2024,17.083730000000003,1.1600000000000024,19.817126800000043,15.021382114400033,1.060000000000001,18.10875380000002,13.726435380400016,27.3,12.278617885599967,13.573564619599985,44.97662229157497,49.720016921611666,-4.743394630036697,5-10%
2024-09-13 08:45:00+02:00,2,"harmonised inflation rate,inflation rate",Harmonised Inflation Rate | Inflation Rate,FR,62.84,62.385000000000005,11.85,5.263157894736835,2024,19.24996,1.105263157894734,21.276271578947316,16.127413856842065,1.0394736842105252,20.009826842105245,15.167448746315776,11.85,4.277413856842065,3.317448746315776,36.09631946702165,27.995348070175325,8.100971396846326,5-10%
2024-11-08 16:00:00+01:00,5,"michigan 5 year inflation expectations,michigan consumer expectations,michigan consumer sentiment,michigan current conditions,michigan inflation expectations",Michigan 5 Year Inflation Expectations | Michigan Consumer Expectations | Michigan Consumer Sentiment,US,62.74,49.288,10.76,5.795148247978433,2024,19.208060000000003,1.318059299191373,25.31736210242585,19.190560473638794,1.119272237196765,21.499048288409696,16.29627860261455,10.76,8.430560473638794,5.53627860261455,78.35093376987726,51.45240337002369,26.89853039985357,5-10%
2024-03-01 11:00:00+01:00,6,"core inflation rate,cpi,harmonised inflation rate,inflation rate,inflation rate,unemployment rate",Core Inflation Rate | CPI | Harmonised Inflation Rate,"EU,IT",59.03,57.633333333333326,17.2,9.999999999999998,2024,17.653570000000002,2.999999999999999,52.96070999999999,40.144218179999996,1.7499999999999996,30.893747499999996,23.417460605,17.2,22.944218179999996,6.217460604999999,133.3966173255814,36.148026773255815,97.24859055232557,5-10%
2024-11-22 09:15:00+01:00,4,"hcob composite pmi,hcob services pmi,manufacturing pmi,services pmi",HCOB Composite PMI | HCOB Services PMI | Manufacturing PMI,FR,72.2,70.465,152.93,7.246376811594203,2024,23.171799999999998,1.8985507246376812,43.992837681159415,33.346570962318836,1.3369565217391304,30.979689130434778,23.482604360869562,152.93,119.58342903768117,129.44739563913043,78.19487938120785,84.64486735050704,-6.449987969299187,5-10%
2024-10-01 09:15:00+02:00,1,hcob manufacturing pmi,HCOB Manufacturing PMI,ES,57.48,57.48,11.26,5.788423153692611,2024,17.00412,1.3153692614770445,22.36669676646704,16.953956148982016,1.1182634730538916,19.01508628742514,14.413435405868258,11.26,5.693956148982016,3.153435405868258,50.56799421831275,28.00564303613018,22.562351182182567,5-10%
2024-12-16 11:00:00+01:00,3,"cpi,harmonised inflation rate,inflation rate",CPI | Harmonised Inflation Rate | Inflation Rate,IT,59.3,58.086666666666666,17.1,7.142857142857134,2024,17.7667,1.8571428571428537,32.995299999999936,25.01043739999995,1.32142857142857,23.477424999999975,17.795888149999982,17.1,7.9104373999999495,0.6958881499999805,46.259867836257015,4.069521345029125,42.19034649122789,5-10%
2024-04-12 09:00:00+02:00,4,"core inflation rate,cpi,harmonised inflation rate,inflation rate",Core Inflation Rate | CPI | Harmonised Inflation Rate,ES,62.12,60.1325,4.8,7.692307692307682,2024,18.948279999999997,2.076923076923073,39.354119999999924,29.830422959999943,1.4038461538461522,26.600469999999966,20.163156259999976,4.8,25.030422959999942,15.363156259999975,521.4671449999988,320.06575541666615,201.40138958333267,5-10%
2024-07-11 14:30:00+02:00,6,"continuing jobless claims,core inflation rate,cpi,cpi s a,inflation rate,initial jobless claims",Continuing Jobless Claims | Core Inflation Rate | CPI,US,81.7,76.90833333333333,49.9,5.932203389830509,2024,27.152300000000004,1.3728813559322035,37.27688644067798,28.255879922033905,1.1398305084745763,30.949019915254244,23.459357095762716,49.9,21.644120077966093,26.440642904237283,43.374990136204595,52.98726032913284,-9.612270192928243,5-10%
2024-05-30 11:00:00+02:00,2,"consumer confidence,unemployment rate",Consumer Confidence | Unemployment Rate,EU,58.03,57.465,4.1,5.319148936170213,2024,17.234569999999998,1.127659574468085,19.43472787234042,14.73152372723404,1.047872340425532,18.059629202127656,13.689198935212763,4.1,10.63152372723404,9.589198935212764,259.3054567618059,233.88290085884793,25.422555902957953,5-10%
2024-08-09 10:00:00+02:00,2,"harmonised inflation rate,inflation rate",Harmonised Inflation Rate | Inflation Rate,IT,57.88,57.48,1.5,5.882352941176463,2024,17.17172,1.3529411764705852,23.23232705882348,17.610103910588197,1.1323529411764695,19.444447647058805,14.738891316470575,1.5,16.110103910588197,13.238891316470575,1074.0069273725464,882.5927544313716,191.4141729411748,5-10%
2024-01-09 10:00:00+01:00,1,unemployment rate,Unemployment Rate,IT,56.36,56.36,10.3,5.06329113924051,2024,16.534839999999996,1.025316455696204,16.953443544303816,12.850710206582292,1.0094936708860764,16.691816329113927,12.652396777468356,10.3,2.5507102065822913,2.352396777468355,24.764176762934863,22.83880366474131,1.9253730981935533,5-10%
2024-05-09 14:30:00+02:00,2,"continuing jobless claims,initial jobless claims",Continuing Jobless Claims | Initial Jobless Claims,US,71.98,71.33000000000001,27.8,10.0,2024,23.07962,3.0,69.23885999999999,52.483055879999995,1.75,40.389334999999996,30.615115929999998,27.8,24.683055879999994,2.8151159299999975,88.78797079136689,10.126316294964019,78.66165449640287,5-10%
2025-09-11 14:30:00+02:00,6,"continuing jobless claims,core inflation rate,cpi,cpi s a,inflation rate,initial jobless claims",Continuing Jobless Claims | Core Inflation Rate | CPI,US,81.7,76.90833333333333,59.2,11.914893617021278,2025,27.152300000000004,5.139666648236133,139.553770732902,105.78175821553971,2.037234042553192,55.31558989361704,41.92921713936172,59.2,46.58175821553971,17.270782860638285,78.68540239111437,29.17361969702413,49.511782694090236,10-20%
2025-08-29 01:30:00+02:00,3,"core cpi,cpi,unemployment rate",Core CPI | CPI | Unemployment Rate,JP,28.35,27.126666666666665,5.7,11.111111111111104,2025,4.79865,4.494428803660435,21.56719077868515,16.347930610243342,1.0,4.79865,3.6373767000000004,5.7,10.647930610243343,2.0626233,186.80580017970777,36.18637368421052,150.61942649549724,10-20%
2025-04-30 01:50:00+02:00,2,"industrial production,retail sales",Industrial Production | Retail Sales,JP,28.36,27.555,10.8,11.428571428571423,2025,4.80284,4.774606390001802,22.931670554156252,17.38220628005044,1.0,4.80284,3.64055272,10.8,6.582206280050439,7.15944728,60.946354444911464,66.2911785185185,-5.344824073607043,10-20%
2025-07-25 10:00:00+02:00,1,consumer confidence,Consumer Confidence,IT,57.78,57.78,8.9,15.789473684210542,2025,17.129820000000002,6.830746850390468,117.00946401275566,88.69317372166878,2.5,42.82455,32.4610089,8.9,79.79317372166878,23.561008900000004,896.5525137266155,264.73043707865173,631.8220766479637,10-20%
2025-07-01 09:30:00+02:00,1,procure ch manufacturing pmi,procure.ch Manufacturing PMI,CH,54.61,54.61,3.5,12.727272727272732,2025,15.80159,5.631353587811877,88.98434053963227,67.45013012904126,2.15909090909091,34.117069318181834,25.86073854318183,3.5,63.950130129041256,22.36073854318183,1827.1465751154644,638.8782440909094,1188.268331024555,10-20%
2025-01-24 00:30:00+01:00,4,"core inflation rate,cpi,inflation rate,inflation rate ex food and energy",Core Inflation Rate | CPI | Inflation Rate,JP,28.07,25.995,3.5,12.499999999999996,2025,4.681329999999999,5.505525936990734,25.77318373461283,19.536073270836525,1.0,4.681329999999999,3.548448139999999,3.5,16.036073270836525,0.048448139999999196,458.17352202390066,1.3842325714285484,456.78928945247213,10-20%
2025-04-03 16:00:00+02:00,2,"ism non manufacturing pmi,ism services pmi",ISM Non-Manufacturing PMI | ISM Services PMI,US,75.21,74.44999999999999,39.9,12.830188679245277,2025,24.432989999999997,5.685828130979328,138.9217818659366,105.30271065437994,2.1745283018867916,53.130228254716954,40.27271301707545,39.9,65.40271065437994,0.3727130170754549,163.91656805609009,0.9341178372818418,162.98245021880825,10-20%
2025-05-27 16:00:00+02:00,1,cb consumer confidence,CB Consumer Confidence,US,60.04,60.04,21.1,12.643678160919542,2025,18.07676,5.585987310445395,100.9765519739669,76.54022639626692,2.1465517241379315,38.80270034482759,29.412446861379316,21.1,55.440226396266915,8.312446861379314,262.7498881339664,39.3954827553522,223.35440537861422,10-20%
2025-02-26 08:00:00+01:00,1,consumer confidence,Consumer Confidence,DE,50.21,50.21,0.9,15.420560747663556,2025,13.95799,6.719010915520888,93.78388716873141,71.0881864738984,2.5,34.894975,26.45039105,0.9,70.1881864738984,25.55039105,7798.687385988711,2838.932338888889,4959.755047099822,10-20%
2025-07-29 10:00:00+02:00,1,trade balance,Trade Balance,IT,54.51,54.51,22.1,10.344827586206891,2025,15.759689999999997,3.592531632286337,56.61718484002665,42.915826108740205,1.8017241379310338,28.39461387931033,21.52311732051723,22.1,20.815826108740204,0.5768826794827717,94.18925841058915,2.610328866437881,91.57892954415126,10-20%
2025-01-08 08:45:00+01:00,2,"consumer confidence,trade balance",Consumer Confidence | Trade Balance,FR,58.51,55.735,18.8,15.000000000000002,2025,17.43569,6.583518938456111,114.78819532004984,87.00945205259778,2.5,43.589225,33.04063255,18.8,68.20945205259778,14.240632549999997,362.8162343223286,75.7480454787234,287.06818884360524,10-20%
2025-08-29 16:00:00+02:00,6,"inflation expectations,michigan 5 year inflation expectations,michigan consumer expectations,michigan consumer sentiment,michigan current conditions,michigan inflation expectations",Inflation Expectations | Michigan 5 Year Inflation Expectations | Michigan Consumer Expectations,US,62.74,50.59,31.7,10.256410256410255,2025,19.208060000000003,3.456517303961959,66.39299176553956,50.32588775827899,1.7884615384615383,34.352876538461544,26.03948041615385,31.7,18.62588775827899,5.660519583846149,58.756743716968415,17.856528655666086,40.90021506130233,10-20%
2025-04-25 01:30:00+02:00,2,"core cpi,cpi",Core CPI | CPI,JP,28.07,26.515,19.4,12.90322580645161,2025,4.681329999999999,5.723606682223188,26.794091669691873,20.30992148562644,1.0,4.681329999999999,3.548448139999999,19.4,0.909921485626441,15.851551859999999,4.690316936218768,81.70903020618556,-77.0187132699668,10-20%
2025-05-15 08:45:00+02:00,3,"cpi,harmonised inflation rate,inflation rate",CPI | Harmonised Inflation Rate | Inflation Rate,FR,66.35,63.70666666666667,15.2,19.999999999999996,2025,20.72065,7.7957905455967405,161.5338473686191,122.44265630541328,2.5,51.801625,39.265631750000004,15.2,107.24265630541328,24.065631750000005,705.5437914829821,158.32652467105268,547.2172668119294,10-20%
2025-08-22 01:01:00+02:00,1,consumer confidence,Consumer Confidence,GB,29.86,29.86,3.4,15.0,2025,5.431339999999999,6.58351893845611,35.7573297511942,27.104055951405204,1.0,5.431339999999999,4.116955719999999,3.4,23.704055951405206,0.7169557199999992,697.1781162178002,21.086932941176446,676.0911832766237,10-20%
2024-03-21 09:30:00+01:00,4,"hcob composite pmi,hcob manufacturing pmi,hcob services pmi,snb interest rate decision",HCOB Composite PMI | HCOB Manufacturing PMI | HCOB Services PMI,"CH,DE",69.27,66.81,26.8,14.285714285714285,2024,21.944129999999994,6.330015527177822,138.90668363040862,105.29126619184974,2.3928571428571423,52.50916821428569,39.80194950642855,26.8,78.49126619184975,13.001949506428549,292.8778589248125,48.514736964285625,244.36312196052685,10-20%
2024-02-07 08:45:00+01:00,1,private non farm payrolls,Private Non Farm Payrolls,FR,35.32,35.32,9.5,13.816666666666665,2024,7.71908,6.144164251780662,47.427295392635074,35.94988990761738,1.0,7.71908,5.85106264,9.5,26.449889907617383,3.6489373599999997,278.41989376439346,38.409866947368414,240.01002681702505,10-20%
2024-12-19 08:00:00+01:00,2,"consumer confidence,trade balance",Consumer Confidence | Trade Balance,"CH,DE",66.64,58.425,19.7,12.51612903225806,2024,20.84216,5.514721355487993,114.93870484649761,87.1235382736452,2.1274193548387093,44.34001458064515,33.60973105212903,19.7,67.42353827364519,13.909731052129029,342.2514633179959,70.60777183821843,271.6436914797775,10-20%
2024-05-10 20:00:00+02:00,1,monthly budget statement,Monthly Budget Statement,US,50.1,50.1,4.6,14.11042944785276,2024,13.911900000000001,6.26256688272016,87.1242042157146,66.04014679551166,2.366564417177914,32.92340751533742,24.955942896625768,4.6,61.44014679551166,20.35594289662577,1335.6553651198187,442.5204977527342,893.1348673670846,10-20%
2024-11-08 09:00:00+01:00,1,consumer confidence,Consumer Confidence,CH,59.96,59.96,2.76,12.12121212121212,2024,18.043239999999997,5.27644285352631,95.20412475246005,72.16472656236472,2.068181818181818,37.3167009090909,28.2860592890909,2.76,69.40472656236471,25.526059289090902,2514.6640058827797,924.8572206192357,1589.806785263544,10-20%
2024-06-14 16:00:00+02:00,5,"michigan 5 year inflation expectations,michigan consumer expectations,michigan consumer sentiment,michigan current conditions,michigan inflation expectations",Michigan 5 Year Inflation Expectations | Michigan Consumer Expectations | Michigan Consumer Sentiment,US,62.74,49.288,19.6,11.971830985915492,2024,19.208060000000003,5.1783565128695015,99.46618260058817,75.39536641124583,2.045774647887324,39.2953621830986,29.785884534788735,19.6,55.79536641124583,10.185884534788734,284.67023679207057,51.96879864688129,232.7014381451893,10-20%
2024-09-27 11:00:00+02:00,1,consumer confidence,Consumer Confidence,EU,58.03,58.03,18.1,19.642857142857153,2024,17.234569999999998,7.729777952660403,133.2193992095824,100.98030460086346,2.5,43.08642499999999,32.659510149999996,18.1,82.88030460086347,14.559510149999994,457.9022353638865,80.43928259668505,377.4629527672015,10-20%
2024-10-11 16:00:00+02:00,5,"michigan 5 year inflation expectations,michigan consumer expectations,michigan consumer sentiment,michigan current conditions,michigan inflation expectations",Michigan 5 Year Inflation Expectations | Michigan Consumer Expectations | Michigan Consumer Sentiment,US,62.74,49.288,10.73,11.538461538461531,2024,19.208060000000003,4.863116408009882,93.4110317520383,70.80556206804503,1.9807692307692295,38.04673423076921,28.839424546923063,10.73,60.07556206804503,18.109424546923062,559.8840826472044,168.77376092192975,391.1103217252747,10-20%
2024-08-16 08:00:00+02:00,2,"retail sales,retail sales ex fuel",Retail Sales | Retail Sales ex Fuel,GB,50.25,50.09,4.8,12.50000000000001,2024,13.974749999999998,5.505525936990741,76.93834858796136,58.31926822967471,2.1250000000000018,29.696343750000022,22.509828562500015,4.8,53.519268229674715,17.709828562500014,1114.98475478489,368.9547617187503,746.0299930661396,10-20%
2024-01-30 11:00:00+01:00,2,"consumer confidence,gdp growth rate",Consumer Confidence | GDP Growth Rate,EU,58.03,54.735,14.0,10.000000000000009,2024,17.234569999999998,3.0000000000000178,51.7037100000003,39.19141218000023,1.7500000000000013,30.16049750000002,22.861657105000013,14.0,25.191412180000228,8.861657105000013,179.93865842857306,63.2975507500001,116.64110767857296,10-20%
2024-02-27 00:30:00+01:00,3,"core inflation rate,inflation rate,inflation rate ex food and energy",Core Inflation Rate | Inflation Rate | Inflation Rate Ex-Food and Energy,JP,25.66,25.30333333333333,2.5,11.111111111111107,2024,3.6715400000000002,4.494428803660439,16.501475129791448,12.508118148381918,1.0,3.6715400000000002,2.7830273200000004,2.5,10.008118148381918,0.2830273200000004,400.32472593527666,11.321092800000017,389.00363313527663,10-20%
2024-10-29 08:00:00+01:00,1,gfk consumer confidence,Gfk Consumer Confidence,DE,49.68,49.68,5.66,10.731707317073168,2024,13.735919999999998,4.0982156206740115,56.29276190832856,42.66991352651305,1.8597560975609753,25.54546097560975,19.36345941951219,5.66,37.009913526513046,13.703459419512189,653.88539799493,242.11059045074538,411.7748075441847,10-20%
2024-05-31 11:00:00+02:00,5,"core inflation rate,cpi,harmonised inflation rate,inflation rate,inflation rate",Core Inflation Rate | CPI | Harmonised Inflation Rate,"EU,IT",59.03,57.779999999999994,11.8,14.2857142857143,2024,17.653570000000002,6.330015527177828,111.7473722101207,84.7045081352715,2.392857142857145,42.24247107142862,32.019793072142896,11.8,72.9045081352715,20.219793072142895,617.8348147056906,171.35417857748217,446.48063612820846,10-20%
2024-10-10 14:30:00+02:00,6,"continuing jobless claims,core inflation rate,cpi,cpi s a,inflation rate,initial jobless claims",Continuing Jobless Claims | Core Inflation Rate | CPI,US,81.7,76.90833333333333,22.67,12.173913043478262,2024,27.152300000000004,5.309930450438483,144.17682456944087,109.28603302363618,2.0760869565217392,56.37053586956523,42.72886618913044,22.67,86.61603302363618,20.05886618913044,382.0733701968953,88.48198583648187,293.5913843604135,10-20%
2024-06-21 01:01:00+02:00,1,gfk consumer confidence,Gfk Consumer Confidence,GB,20.78,20.78,5.3,12.5,2024,1.6268200000000004,5.505525936990736,8.956499704815272,6.789026776249976,1.0,1.6268200000000004,1.2331295600000003,5.3,1.4890267762499763,4.06687044,28.094844834905214,76.73340452830189,-48.63855969339667,10-20%
2025-02-04 16:00:00+01:00,1,factory orders,Factory Orders,US,65.08,65.08,23.4,50.0,2025,20.188519999999997,10.427144133408616,210.50860788020248,159.5655247731935,2.5,50.47129999999999,38.257245399999995,23.4,136.16552477319348,14.857245399999996,581.9039520221944,63.492501709401694,518.4114503127927,20-50%
2025-02-12 20:00:00+01:00,1,monthly budget statement,Monthly Budget Statement,US,50.1,50.1,9.9,46.42451759364359,2025,13.911900000000001,10.244652080546427,142.52257527935384,108.03211206175021,2.5,34.77975,26.3630505,9.9,98.1321120617502,16.4630505,991.2334551691939,166.2934393939394,824.9400157752546,20-50%
2025-02-27 09:00:00+01:00,6,"core inflation rate,cpi,gdp growth rate,gross domestic product,harmonised inflation rate,inflation rate",Core Inflation Rate | CPI | GDP Growth Rate,"CH,ES",62.12,59.223333333333336,8.0,33.33333333333335,2025,18.948279999999997,9.383694304960564,177.8048671247981,134.77608928059698,2.5,47.37069999999999,35.90699059999999,8.0,126.77608928059698,27.906990599999993,1584.7011160074621,348.83738249999993,1235.8637335074623,20-50%
2025-01-03 09:55:00+01:00,1,unemployment rate,Unemployment Rate,DE,61.5,61.5,19.0,33.33333333333333,2025,18.688499999999998,9.383694304960564,175.36717101825548,132.92831563183765,2.5,46.72125,35.4147075,19.0,113.92831563183765,16.4147075,599.6227138517771,86.39319736842104,513.2295164833561,20-50%
2025-05-23 00:45:00+02:00,1,retail sales,Retail Sales,NZ,34.4,34.4,5.7,42.85714285714285,2025,7.333599999999999,10.044299984159636,73.66087836383309,55.83494579978549,1.0,7.333599999999999,5.558868799999999,5.7,50.134945799785484,0.14113120000000112,879.5604526278155,2.4759859649123004,877.0844666629032,20-50%
2025-02-04 22:45:00+01:00,1,unemployment rate,Unemployment Rate,NZ,18.81,18.81,2.2,50.0,2025,0.8013899999999987,10.427144133408616,8.356209037072317,6.334006450100816,1.0,0.8013899999999987,0.607453619999999,2.2,4.134006450100816,1.5925463800000013,187.90938409549162,72.38847181818187,115.52091227730975,20-50%
2025-03-05 16:00:00+01:00,2,"factory orders,ism services pmi",Factory Orders | ISM Services PMI,US,73.69,69.38499999999999,23.6,33.33333333333333,2025,23.79611,9.383694304960564,223.2954218872151,169.25792979050905,2.5,59.490275,45.09362845,23.6,145.65792979050906,21.493628449999996,617.1946177563942,91.07469682203387,526.1199209343604,20-50%
2025-04-30 08:00:00+02:00,1,retail sales,Retail Sales,DE,55.32,55.32,14.7,50.0,2025,16.09908,10.427144133408616,167.867427575276,127.2435101020592,2.5,40.2477,30.5077566,14.7,112.5435101020592,15.807756600000001,765.6021095378177,107.53575918367349,658.0663503541442,20-50%
2025-09-09 08:45:00+02:00,1,industrial production,Industrial Production,FR,53.81,53.81,16.8,38.888888888888886,2025,15.466389999999999,9.79497360453124,151.4928818073859,114.83160440999852,2.5,38.665974999999996,29.308809049999997,16.8,98.03160440999852,12.508809049999996,583.5214548214198,74.45719672619046,509.0642580952293,20-50%
2025-08-14 14:30:00+02:00,2,"continuing jobless claims,initial jobless claims",Continuing Jobless Claims | Initial Jobless Claims,US,71.98,71.33000000000001,35.0,27.586206896551737,2025,23.07962,8.844839481845048,204.1355342019806,154.7347349251013,2.5,57.69905,43.7358799,35.0,119.7347349251013,8.7358799,342.09924264314657,24.95965685714286,317.1395857860037,20-50%
2025-03-10 09:00:00+01:00,1,consumer confidence,Consumer Confidence,CH,59.96,59.96,11.6,21.428571428571427,2025,18.043239999999997,8.03999593919854,145.06757632998466,109.96122285812838,2.5,45.10809999999999,34.19193979999999,11.6,98.36122285812839,22.59193979999999,847.9415763631758,194.75810172413784,653.183474639038,20-50%
2025-06-02 09:00:00+02:00,2,"gdp growth rate,gross domestic product",GDP Growth Rate | Gross Domestic Product,CH,58.88,57.405,36.1,34.666666666666664,2025,17.590719999999997,9.490386266371148,166.94272750358027,126.54258744771384,2.5,43.9768,33.3344144,36.1,90.44258744771383,2.7655856000000014,250.53348323466435,7.660901939058175,242.87258129560618,20-50%
2025-07-11 08:45:00+02:00,3,"cpi,harmonised inflation rate,inflation rate",CPI | Harmonised Inflation Rate | Inflation Rate,FR,66.35,63.70666666666667,16.7,33.33333333333335,2025,20.72065,9.383694304960564,194.4362454000811,147.3826740132615,2.5,51.801625,39.265631750000004,16.7,130.6826740132615,22.565631750000005,782.5309821153385,135.1235434131737,647.4074387021648,20-50%
2025-09-01 10:30:00+02:00,1,s p global manufacturing pmi,S&P Global Manufacturing PMI,GB,55.0,55.0,15.1,50.0,2025,15.964999999999998,10.427144133408616,166.46935608986854,126.18377191612035,2.5,39.912499999999994,30.253674999999998,15.1,111.08377191612036,15.153674999999998,735.6541186498036,100.35546357615893,635.2986550736447,20-50%
2025-05-27 08:00:00+02:00,2,"consumer confidence,trade balance",Consumer Confidence | Trade Balance,"CH,DE",66.64,58.425,11.1,34.042553191489354,2025,20.84216,9.441153011100436,196.77402164183707,149.1547084045125,2.5,52.1054,39.495893200000005,11.1,138.0547084045125,28.395893200000003,1243.7361117523649,255.8188576576577,987.9172540947072,20-50%
2024-04-24 03:30:00+02:00,5,"cpi,inflation rate,monthly cpi indicator,rba trimmed mean cpi,rba weighted median cpi",CPI | Inflation Rate | Monthly CPI Indicator,AU,37.78,35.436,2.6,24.999999999999993,2024,8.74982,8.545177444479561,74.76876450725615,56.674723496500164,1.0,8.74982,6.63236356,2.6,54.07472349650016,4.03236356,2079.7970575576987,155.09090615384616,1924.7061514038526,20-50%
2024-12-12 09:30:00+01:00,1,snb interest rate decision,SNB Interest Rate Decision,CH,69.27,69.27,11.9,33.33333333333333,2024,21.944129999999994,9.383694304960564,205.9170077083142,156.08509184290216,2.5,54.86032499999999,41.58412634999999,11.9,144.18509184290215,29.684126349999993,1211.6394272512784,249.44643991596632,962.1929873353122,20-50%
2024-09-09 01:50:00+02:00,1,gdp growth rate,GDP Growth Rate,JP,29.38,29.38,6.55,23.315181709342284,2024,5.230219999999999,8.322641264203058,43.52924479286011,32.995167552987965,1.0,5.230219999999999,3.9645067599999995,6.55,26.445167552987964,2.5854932400000004,403.7430160761521,39.47317923664123,364.2698368395109,20-50%
2024-05-29 14:00:00+02:00,2,"harmonised inflation rate,inflation rate",Harmonised Inflation Rate | Inflation Rate,DE,55.29,54.9,0.8,50.0,2024,16.086509999999997,10.427144133408616,167.736358373519,127.14415964712741,2.5,40.216274999999996,30.483936449999998,0.8,126.34415964712741,29.683936449999997,15793.019955890926,3710.492056249999,12082.527899640927,20-50%
2024-12-03 23:00:00+01:00,2,"judo bank composite pmi,judo bank services pmi",Judo Bank Composite PMI | Judo Bank Services PMI,AU,20.96,17.47,5.3,49.29577464788733,2024,1.7022399999999998,10.39249323201759,17.690517679269618,13.40941240088637,1.0,1.7022399999999998,1.2902979199999998,5.3,8.10941240088637,4.00970208,153.00778114879944,75.6547562264151,77.35302492238434,20-50%
2024-08-30 08:45:00+02:00,3,"gdp growth rate,harmonised inflation rate,inflation rate",GDP Growth Rate | Harmonised Inflation Rate | Inflation Rate,FR,62.84,58.00666666666667,4.05,40.0,2024,19.24996,9.867974408970293,189.9581126537018,143.98824939150595,2.5,48.124900000000004,36.4786742,4.05,139.93824939150593,32.4286742,3455.2654170742207,800.7080049382716,2654.557412135949,20-50%
2024-05-29 10:00:00+02:00,1,consumer confidence,Consumer Confidence,IT,57.78,57.78,21.0,50.0,2024,17.129820000000002,10.427144133408616,178.6151021193456,135.39024740646397,2.5,42.82455,32.4610089,21.0,114.39024740646397,11.461008900000003,544.7154638403047,54.57623285714287,490.1392309831618,20-50%
2024-06-10 01:50:00+02:00,1,gdp growth rate,GDP Growth Rate,JP,29.38,29.38,7.1,42.85714285714285,2024,5.230219999999999,10.044299984159636,52.533898663151405,39.820695186668765,1.0,5.230219999999999,3.9645067599999995,7.1,32.72069518666876,3.13549324,460.8548617840671,44.16187661971831,416.6929851643488,20-50%
2024-08-30 03:30:00+02:00,1,retail sales,Retail Sales,AU,33.03,33.03,11.65,24.999999999999993,2024,6.75957,8.545177444479561,57.76172509838071,43.783387624572576,1.0,6.75957,5.12375406,11.65,32.13338762457258,6.52624594,275.8230697388204,56.019278454935616,219.80379128388478,20-50%
2024-11-28 14:00:00+01:00,3,"cpi,harmonised inflation rate,inflation rate",CPI | Harmonised Inflation Rate | Inflation Rate,DE,55.29,54.89333333333334,14.52,39.99999999999999,2024,16.086509999999997,9.86797440897029,158.74126900964464,120.32588190931064,2.5,40.216274999999996,30.483936449999998,14.52,105.80588190931064,15.963936449999999,728.6906467583377,109.94446590909091,618.7461808492468,20-50%
2024-02-13 08:30:00+01:00,2,"cpi,inflation rate",CPI | Inflation Rate,CH,57.81,57.645,7.2,23.529411764705877,2024,17.14239,8.352349985143523,143.17924086182447,108.52986457326294,2.5,42.855975,32.48482905,7.2,101.32986457326294,25.284829050000003,1407.3592301842075,351.17818125,1056.1810489342074,20-50%
2024-09-27 09:00:00+02:00,4,"core inflation rate,gdp growth rate,harmonised inflation rate,inflation rate",Core Inflation Rate | GDP Growth Rate | Harmonised Inflation Rate,ES,64.87,60.82,16.34,21.052631578947363,2024,20.10053,7.978566048775598,160.37340622039537,121.56304191505969,2.5,50.251324999999994,38.090504349999996,16.34,105.22304191505968,21.750504349999996,643.9598648412465,133.11202172582617,510.84784311542035,20-50%
2024-04-05 02:30:00+02:00,1,retail sales,Retail Sales,AU,33.03,33.03,4.1,30.0,2024,6.75957,9.089044875446845,61.43803506872423,46.57003058209297,1.0,6.75957,5.12375406,4.1,42.47003058209297,1.0237540600000008,1035.854404441292,24.969611219512217,1010.8847932217798,20-50%
2024-01-04 14:00:00+01:00,2,"harmonised inflation rate,inflation rate",Harmonised Inflation Rate | Inflation Rate,DE,55.29,54.9,20.7,33.33333333333333,2024,16.086509999999997,9.383694304960564,150.95089227369112,114.42077634345787,2.5,40.216274999999996,30.483936449999998,20.7,93.72077634345787,9.783936449999999,452.75737363989316,47.26539347826086,405.4919801616323,20-50%
2024-11-07 13:00:00+01:00,2,"boe interest rate decision,interest rate decision",BoE Interest Rate Decision | Interest Rate Decision,GB,58.97,55.8,17.61,34.48275862068966,2024,17.62843,9.476004181923456,167.0470764007449,126.62168391176465,2.5,44.07107500000001,33.405874850000004,17.61,109.01168391176465,15.795874850000004,619.0328444733939,89.69832396365703,529.3345205097369,20-50%
