date,impact_real,base_score_real,surprise_real,num_events_real,adjusted_score,impact_pred_baseline,error_baseline,amp_parfaite,error_parfait,trend_type_optimized,trend_reversal_datetime,trend_reversal_price,trend_duration_optimized,trend_amplitude_optimized,trend_r2_optimized,trend_direction,trend_end_price,trend_strength_score,is_outlier_low,is_outlier_high,is_outlier
2025-10-15,5.8,44.66,0.0,10,44.66,20.528,14.728,0.706,0.0,LOW_TO_HIGH,2025-10-10 11:59:00+02:00,1.15612,120.5,100.40000000000047,0.0449649315023345,UP,1.16264,61.79859726009338,False,False,False
2025-09-11,57.1,44.31,200.0,11,84.189,56.259,0.841,2.537,0.0,HIGH_TO_LOW,2025-09-09 05:56:00+02:00,1.178,54.55,114.29999999999828,0.6377126484848682,DOWN,1.16874,85.50850593939472,False,False,False
2025-08-12,62.6,44.31,233.33,11,84.189,56.259,6.341,2.782,0.0,HIGH_TO_LOW,2025-08-08 00:00:00+02:00,1.16788,108.48333333333332,87.99999999999919,0.5917526766668905,DOWN,1.16056,83.67010706667563,False,False,False
2025-07-15,24.7,44.31,233.33,11,84.189,56.259,31.559,1.098,0.0,HIGH_TO_LOW,2025-07-07 00:16:00+02:00,1.17894,204.21666666666667,134.40000000000117,0.7020617510432371,DOWN,1.16668,88.08247004172948,False,False,False
2025-06-11,53.9,44.31,66.67,11,84.189,56.259,2.359,2.395,0.0,HIGH_TO_LOW,2025-06-06 01:45:00+02:00,1.14477,130.73333333333332,75.60000000000011,0.0447374884156086,DOWN,1.14358,60.139499536624385,False,False,False
2025-05-13,34.8,44.31,116.67,11,84.189,56.259,21.459,1.546,0.0,HIGH_TO_LOW,2025-05-07 08:43:00+02:00,1.13736,147.76666666666668,306.49999999999847,0.8564353497355963,DOWN,1.11141,94.25741398942384,False,False,False
2025-04-10,40.2,44.31,200.0,11,84.189,56.259,16.059,1.786,0.0,HIGH_TO_LOW,2025-04-04 05:27:00+02:00,1.11074,151.03333333333333,223.5000000000009,0.0402137185866275,DOWN,1.11037,61.6085487434651,False,False,False
2025-02-12,5.0,43.8,66.67,8,83.22,55.383,50.383,0.5,6.077,LOW_TO_HIGH,2025-02-09 21:01:00+01:00,1.02896,63.46666666666667,95.60000000000014,0.6604511499777272,UP,1.03696,86.4180459991091,False,False,False
2025-01-15,49.9,44.31,200.0,11,84.189,56.259,6.359,2.217,0.0,LOW_TO_HIGH,2025-01-13 08:27:00+01:00,1.018,52.03333333333333,135.60000000000016,0.8878957353244481,UP,1.03048,95.51582941297792,False,False,False
2024-12-11,21.6,44.82,0.05,9,44.82,20.673,0.927,2.612,0.0,HIGH_TO_LOW,2024-12-06 12:39:00+01:00,1.06222,119.83333333333331,134.19999999999987,0.6032765276640554,DOWN,1.05159,84.13106110656221,False,False,False
2024-11-13,26.4,44.31,0.05,11,44.31,20.212,6.188,3.265,0.0,HIGH_TO_LOW,2024-11-05 22:56:00+01:00,1.09369,181.55,342.9000000000015,0.6938140935472581,DOWN,1.06277,87.75256374189033,False,False,False
2024-10-10,22.4,44.82,100.0,9,85.158,57.135,34.735,0.98,0.0,HIGH_TO_LOW,2024-10-02 08:39:00+02:00,1.10823,195.83333333333337,153.6000000000004,0.8293865201280416,DOWN,1.09329,93.17546080512167,False,False,False
2024-09-11,0.0,44.82,50.0,9,85.158,57.135,57.135,0.5,11.427,LOW_TO_HIGH,2024-09-09 11:31:00+02:00,1.10373,48.96666666666667,39.29999999999989,0.0270677229043855,UP,1.10444,45.820208916175375,False,False,False
2024-08-14,18.7,44.82,3.33,9,44.82,20.673,1.973,2.261,0.0,LOW_TO_HIGH,2024-08-08 13:42:00+02:00,1.08824,142.78333333333333,145.8999999999988,0.6920701031218346,UP,1.10255,87.68280412487339,False,False,False
2024-07-11,51.4,44.82,200.0,9,85.158,57.135,5.735,2.249,0.0,LOW_TO_HIGH,2024-07-02 10:13:00+02:00,1.07105,218.26666666666668,147.39999999999975,0.6410340049700025,UP,1.08487,85.6413601988001,False,False,False
2024-06-12,77.7,56.45,33.33,21,107.255,77.109,0.591,2.519,0.0,LOW_TO_HIGH,2024-06-09 22:17:00+02:00,1.0766,62.2,60.40000000000045,0.2480962388960516,UP,1.0767,62.57384955584224,False,False,False
2024-05-15,37.9,44.66,25.0,8,78.899,51.478,13.578,1.841,0.0,LOW_TO_HIGH,2024-05-09 11:44:00+02:00,1.07253,144.75,110.39999999999938,0.7157053692836528,UP,1.08318,88.62821477134611,False,False,False
2024-04-10,0.1,44.92,33.33,10,85.348,57.307,57.207,0.5,11.361,HIGH_TO_LOW,2024-04-04 14:09:00+02:00,1.08757,142.33333333333334,93.3000000000006,0.3187856180172631,DOWN,1.08643,72.75142472069052,False,False,False
2024-03-12,7.3,44.82,33.33,9,85.158,57.135,49.835,0.5,4.127,HIGH_TO_LOW,2024-03-08 12:42:00+01:00,1.09781,95.78333333333332,67.20000000000059,0.3816239501852323,DOWN,1.09152,70.4649580074095,False,False,False
2024-02-13,6.5,44.82,50.0,9,85.158,57.135,50.635,0.5,4.927,LOW_TO_HIGH,2024-02-08 12:50:00+01:00,1.07429,119.65,62.50000000000089,0.0021874216897405,UP,1.07933,53.524996867589955,False,False,False
2024-02-09,23.3,44.38,0.23,6,44.38,20.275,3.025,2.873,0.0,LOW_TO_HIGH,2024-02-06 23:46:00+01:00,1.07577,60.71666666666667,45.50000000000054,0.0917550301707079,UP,1.0772,50.73270120682852,False,False,False
2024-01-11,11.0,45.24,50.0,7,85.956,57.856,46.856,0.5,0.571,LOW_TO_HIGH,2024-01-08 08:31:00+01:00,1.09247,75.96666666666667,78.59999999999978,0.1778363241973148,UP,1.09892,66.58845296789252,False,False,False
2023-12-12,17.8,44.82,0.1,9,44.82,20.673,2.873,2.153,0.0,LOW_TO_HIGH,2023-12-07 06:01:00+01:00,1.07572,126.46666666666668,84.90000000000109,0.095508992258695,UP,1.08108,63.8203596903478,False,False,False
2023-11-14,117.4,44.82,33.33,9,85.158,57.135,60.265,5.0,3.13,HIGH_TO_LOW,2023-11-06 08:17:00+01:00,1.0756,196.2,98.5999999999998,0.1279856128817697,DOWN,1.07251,65.1194245152708,False,False,False
2023-10-12,1.4,44.82,33.33,9,85.158,57.135,55.735,0.5,10.027,LOW_TO_HIGH,2023-10-06 12:52:00+02:00,1.04842,143.61666666666667,154.8000000000016,0.695862161143189,UP,1.06272,87.83448644572756,False,False,False
2023-09-13,23.3,44.82,50.0,9,85.158,57.135,33.835,1.02,0.0,LOW_TO_HIGH,2023-09-08 11:47:00+02:00,1.06945,120.7,70.39999999999935,0.3073107462428896,UP,1.07384,68.69242984971535,False,False,False
2023-08-10,35.3,44.82,3.03,9,44.82,20.673,14.627,4.269,0.0,HIGH_TO_LOW,2023-08-04 15:45:00+02:00,1.10416,140.73333333333332,110.6000000000007,0.0836952380108415,DOWN,1.103,63.34780952043366,False,False,False
2023-07-12,81.4,44.82,33.33,9,85.158,57.135,24.265,3.562,0.0,LOW_TO_HIGH,2023-07-07 08:16:00+02:00,1.08682,124.21666666666668,168.5000000000003,0.747856471113182,UP,1.10251,89.91425884452728,False,False,False
2023-06-13,27.3,44.78,50.0,10,85.082,57.066,29.766,1.196,0.0,LOW_TO_HIGH,2023-06-07 07:13:00+02:00,1.06689,149.26666666666668,140.90000000000157,0.5104761387046698,UP,1.07965,80.41904554818679,False,False,False
