movement_id,movement_datetime,baseline_price,direction,num_events,pattern_type,phase1_time,phase1_price,phase1_pips,phase1_minutes_from_start,pullback_time,pullback_price,pullback_pips,pullback_ratio,pullback_minutes_from_phase1,phase2_time,phase2_price,phase2_pips,phase2_minutes_from_pullback,impact_pips,event_time,event_title,country,importance_n,empirical_score,peak_time,peak_price,peak_minutes_from_start
2,2023-01-03 14:30:00+01:00,1.05304,UP,4,DOUBLE_WAVE_UP,2023-01-03 14:45:00+01:00,1.057,39.59999999999964,15.0,2023-01-03 15:02:00+01:00,1.05554,14.600000000000168,0.3686868686868763,17.0,2023-01-03 15:42:00+01:00,1.05969,41.50000000000098,40.0,66.50000000000045,2023-01-03 13:00:00+01:00,Harmonised Inflation Rate YoY Prel,DE,3.0,26.415957,,,
3,2023-01-04 07:38:00+01:00,1.05598,UP,2,SINGLE_WAVE_FORT_UP,,,,,,,,,,,,,,75.60000000000011,2023-01-04 07:00:00+01:00,Import Prices YoY,DE,3.0,19.645306,2023-01-04 09:31:00+01:00,1.06354,113.0
5,2023-01-05 15:19:00+01:00,1.05604,DOWN,3,SINGLE_WAVE_FORT_DOWN,,,,,,,,,,,,,,45.399999999999885,2023-01-05 14:20:00+01:00,Fed Bostic Speech,US,2.0,16.677222,2023-01-05 16:57:00+01:00,1.0515,98.0
6,2023-01-06 15:42:00+01:00,1.05009,UP,7,DOUBLE_WAVE_UP,2023-01-06 16:00:00+01:00,1.05411,40.200000000001346,18.0,2023-01-06 16:01:00+01:00,1.05247,16.40000000000086,0.4079601990049828,1.0,2023-01-06 16:41:00+01:00,1.06058,81.10000000000062,40.0,104.9000000000011,2023-01-06 15:00:00+01:00,ISM Non-Manufacturing Employment,US,2.0,38.112188,,,
8,2023-01-09 15:30:00+01:00,1.06842,UP,3,SINGLE_WAVE_FORT_UP,,,,,,,,,,,,,,65.20000000000081,2023-01-09 14:00:00+01:00,6-Month BTF Auction,FR,3.0,,2023-01-09 16:48:00+01:00,1.07494,78.0
11,2023-01-10 15:33:00+01:00,1.07594,DOWN,2,DOUBLE_WAVE_DOWN,2023-01-10 15:42:00+01:00,1.07382,21.199999999998997,9.0,2023-01-10 15:58:00+01:00,1.07452,6.999999999999229,0.3301886792452623,16.0,2023-01-10 16:33:00+01:00,1.07264,18.799999999998818,35.0,32.999999999998586,2023-01-10 15:00:00+01:00,IBD/TIPP Economic Optimism,US,2.0,29.482273,,,
15,2023-01-12 15:52:00+01:00,1.07518,UP,0,DOUBLE_WAVE_UP,2023-01-12 16:04:00+01:00,1.07854,33.60000000000029,12.0,2023-01-12 16:09:00+01:00,1.07689,16.500000000001513,0.49107142857146935,5.0,2023-01-12 16:37:00+01:00,1.08089,40.000000000000036,28.0,57.099999999998815,,,,,,,,
16,2023-01-13 11:13:00+01:00,1.08518,DOWN,3,SINGLE_WAVE_FORT_DOWN,,,,,,,,,,,,,,44.90000000000105,2023-01-13 10:00:00+01:00,Balance of Trade,EU,2.0,16.363333,2023-01-13 13:13:00+01:00,1.08069,120.0
17,2023-01-13 15:01:00+01:00,1.07804,UP,0,DOUBLE_WAVE_UP,2023-01-13 15:12:00+01:00,1.08061,25.699999999999612,11.0,2023-01-13 15:24:00+01:00,1.07947,11.400000000001409,0.4435797665370265,12.0,2023-01-13 16:00:00+01:00,1.08278,33.10000000000146,36.0,47.399999999999665,,,,,,,,
18,2023-01-16 01:00:00+01:00,1.08214,UP,2,SINGLE_WAVE_FORT_UP,,,,,,,,,,,,,,50.99999999999882,2023-01-16 00:00:00+01:00,Eurogroup Meeting,EU,2.0,16.195758,2023-01-16 02:58:00+01:00,1.08724,118.0
21,2023-01-17 15:24:00+01:00,1.08695,DOWN,0,SINGLE_WAVE_FORT_DOWN,,,,,,,,,,,,,,76.80000000000132,,,,,,2023-01-17 17:14:00+01:00,1.07927,110.0
22,2023-01-18 10:56:00+01:00,1.08718,DOWN,6,SINGLE_WAVE_FORT_DOWN,,,,,,,,,,,,,,51.600000000000534,2023-01-18 10:00:00+01:00,Inflation Rate MoM Final,EU,3.0,16.466744,2023-01-18 12:47:00+01:00,1.08202,111.0
24,2023-01-18 15:22:00+01:00,1.08876,DOWN,8,DOUBLE_WAVE_DOWN,2023-01-18 15:37:00+01:00,1.08479,39.70000000000029,15.0,2023-01-18 15:43:00+01:00,1.08725,24.600000000001288,0.6196473551637559,6.0,2023-01-18 16:19:00+01:00,1.08428,29.700000000001392,36.0,44.800000000000395,2023-01-18 13:55:00+01:00,Redbook YoY,US,3.0,20.874286,,,
26,2023-01-19 16:43:00+01:00,1.07835,UP,10,SINGLE_WAVE_FORT_UP,,,,,,,,,,,,,,41.20000000000124,2023-01-19 15:30:00+01:00,EIA Natural Gas Stocks Change,US,3.0,22.6025,2023-01-19 18:17:00+01:00,1.08247,94.0
29,2023-01-23 10:51:00+01:00,1.09205,DOWN,0,SINGLE_WAVE_FORT_DOWN,,,,,,,,,,,,,,41.499999999998764,,,,,,2023-01-23 12:45:00+01:00,1.0879,114.0
30,2023-01-24 14:45:00+01:00,1.0881,DOWN,1,DOUBLE_WAVE_DOWN,2023-01-24 14:54:00+01:00,1.08578,23.200000000000998,9.0,2023-01-24 15:13:00+01:00,1.08701,12.300000000000644,0.5301724137931084,19.0,2023-01-24 15:45:00+01:00,1.0844,26.100000000000012,32.0,37.00000000000037,2023-01-24 13:55:00+01:00,Redbook YoY,US,3.0,20.874286,,,
31,2023-01-24 16:05:00+01:00,1.08352,UP,7,DOUBLE_WAVE_UP,2023-01-24 16:23:00+01:00,1.08612,25.999999999999357,18.0,2023-01-24 16:36:00+01:00,1.0851,10.200000000000209,0.39230769230771007,13.0,2023-01-24 16:57:00+01:00,1.08807,29.700000000001392,21.0,45.50000000000054,2023-01-24 14:45:00+01:00,S&P Global Manufacturing PMI Flash,US,2.0,35.943333,,,
36,2023-01-26 16:17:00+01:00,1.0895,DOWN,3,DOUBLE_WAVE_DOWN,2023-01-26 16:36:00+01:00,1.08708,24.199999999998667,19.0,2023-01-26 16:43:00+01:00,1.0878,7.200000000000539,0.2975206611570635,7.0,2023-01-26 16:56:00+01:00,1.0851,27.000000000001467,13.0,43.999999999999595,2023-01-26 15:00:00+01:00,New Home Sales,US,2.0,24.74,,,
39,2023-02-01 19:57:00+01:00,1.08913,UP,1,SINGLE_WAVE_FORT_UP,,,,,,,,,,,,,,110.00000000000121,2023-02-01 19:00:00+01:00,Fed Interest Rate Decision,US,1.0,61.232813,2023-02-01 21:07:00+01:00,1.10013,70.0
40,2023-02-02 15:00:00+01:00,1.10043,DOWN,6,DOUBLE_WAVE_DOWN,2023-02-02 15:03:00+01:00,1.09302,74.09999999999917,3.0,2023-02-02 15:19:00+01:00,1.09666,36.399999999998656,0.49122807017542597,16.0,2023-02-02 15:59:00+01:00,1.09049,61.70000000000009,40.0,99.4000000000006,2023-02-02 13:30:00+01:00,Jobless Claims 4-week Average,US,3.0,34.570335,,,
41,2023-02-03 09:19:00+01:00,1.08846,UP,4,SINGLE_WAVE_FORT_UP,,,,,,,,,,,,,,48.90000000000061,2023-02-03 08:15:00+01:00,S&P Global Services PMI,ES,2.0,,2023-02-03 11:01:00+01:00,1.09335,102.0
42,2023-02-03 16:44:00+01:00,1.08764,DOWN,0,DOUBLE_WAVE_DOWN,2023-02-03 16:56:00+01:00,1.08452,31.200000000000117,12.0,2023-02-03 17:11:00+01:00,1.08617,16.500000000001513,0.5288461538462004,15.0,2023-02-03 17:39:00+01:00,1.08302,31.49999999999986,28.0,46.19999999999847,,,,,,,,
45,2023-02-07 17:37:00+01:00,1.06916,UP,1,DOUBLE_WAVE_UP,2023-02-07 17:48:00+01:00,1.07121,20.499999999998852,11.0,2023-02-07 18:08:00+01:00,1.06978,14.300000000000423,0.6975609756098158,20.0,2023-02-07 18:47:00+01:00,1.0744,46.200000000000685,39.0,52.39999999999911,2023-02-07 17:00:00+01:00,ECB Schnabel Speech,EU,3.0,21.457895,,,
47,2023-02-09 16:12:00+01:00,1.07894,DOWN,1,DOUBLE_WAVE_DOWN,2023-02-09 16:32:00+01:00,1.07656,23.800000000000487,20.0,2023-02-09 16:43:00+01:00,1.0772,6.399999999999739,0.26890756302519364,11.0,2023-02-09 17:23:00+01:00,1.07488,23.199999999998777,40.0,40.599999999999525,2023-02-09 15:30:00+01:00,EIA Natural Gas Stocks Change,US,3.0,22.6025,,,
48,2023-02-13 14:49:00+01:00,1.06762,UP,3,SINGLE_WAVE_FORT_UP,,,,,,,,,,,,,,43.89999999999894,2023-02-13 14:00:00+01:00,6-Month BTF Auction,FR,3.0,,2023-02-13 16:36:00+01:00,1.07201,107.0
50,2023-02-15 14:15:00+01:00,1.07244,DOWN,5,DOUBLE_WAVE_DOWN,2023-02-15 14:30:00+01:00,1.06745,49.9000000000005,15.0,2023-02-15 14:50:00+01:00,1.0706,31.49999999999986,0.6312625250500911,20.0,2023-02-15 15:25:00+01:00,1.06658,40.19999999999912,35.0,58.59999999999977,2023-02-15 13:30:00+01:00,Retail Sales MoM,US,1.0,37.806458,,,
54,2023-02-22 15:53:00+01:00,1.06604,DOWN,0,DOUBLE_WAVE_DOWN,2023-02-22 16:12:00+01:00,1.06394,20.999999999999908,19.0,2023-02-22 16:27:00+01:00,1.06544,14.999999999998348,0.7142857142856388,15.0,2023-02-22 16:59:00+01:00,1.0625,29.399999999999427,32.0,35.400000000000986,,,,,,,,
56,2023-02-24 15:00:00+01:00,1.05787,DOWN,8,DOUBLE_WAVE_DOWN,2023-02-24 15:04:00+01:00,1.0544,34.70000000000084,4.0,2023-02-24 15:09:00+01:00,1.05548,10.799999999999699,0.31123919308355724,5.0,2023-02-24 15:28:00+01:00,1.05362,18.599999999999728,19.0,42.50000000000087,2023-02-24 13:30:00+01:00,Building Permits MoM Final,US,3.0,19.002407,,,
57,2023-02-27 15:00:00+01:00,1.05502,UP,7,SINGLE_WAVE_FORT_UP,,,,,,,,,,,,,,69.79999999999987,2023-02-27 13:30:00+01:00,Durable Goods Orders ex Defense MoM,US,3.0,26.851064,2023-02-27 16:27:00+01:00,1.062,87.0
58,2023-02-27 16:24:00+01:00,1.062,DOWN,4,DOUBLE_WAVE_DOWN,2023-02-27 16:43:00+01:00,1.05992,20.800000000000818,19.0,2023-02-27 16:50:00+01:00,1.06104,11.200000000000099,0.538461538461522,7.0,2023-02-27 17:30:00+01:00,1.05864,23.999999999999577,40.0,33.60000000000029,2023-02-27 15:00:00+01:00,Pending Home Sales YoY,US,2.0,26.305106,,,
59,2023-02-28 08:23:00+01:00,1.0582,UP,11,SINGLE_WAVE_FORT_UP,,,,,,,,,,,,,,44.19999999999868,2023-02-28 07:00:00+01:00,Import Prices MoM,DE,3.0,19.645306,2023-02-28 10:02:00+01:00,1.06262,99.0
61,2023-03-01 06:57:00+01:00,1.05895,UP,0,SINGLE_WAVE_FORT_UP,,,,,,,,,,,,,,53.90000000000006,,,,,,2023-03-01 08:57:00+01:00,1.06434,120.0
63,2023-03-02 12:36:00+01:00,1.06307,DOWN,0,SINGLE_WAVE_FORT_DOWN,,,,,,,,,,,,,,42.19999999999891,,,,,,2023-03-02 14:31:00+01:00,1.05885,115.0
64,2023-03-06 15:00:00+01:00,1.06322,UP,3,SINGLE_WAVE_FORT_UP,,,,,,,,,,,,,,57.70000000000053,2023-03-06 14:00:00+01:00,6-Month BTF Auction,FR,3.0,,2023-03-06 16:52:00+01:00,1.06899,112.0
66,2023-03-10 16:42:00+01:00,1.0701,DOWN,0,SINGLE_WAVE_FORT_DOWN,,,,,,,,,,,,,,45.80000000000028,,,,,,2023-03-10 17:59:00+01:00,1.06552,77.0
67,2023-03-13 02:55:00+01:00,1.0664,UP,0,SINGLE_WAVE_FORT_UP,,,,,,,,,,,,,,73.00000000000084,,,,,,2023-03-13 04:12:00+01:00,1.0737,77.0
68,2023-03-13 08:43:00+01:00,1.07373,DOWN,0,SINGLE_WAVE_FORT_DOWN,,,,,,,,,,,,,,74.80000000000153,,,,,,2023-03-13 10:32:00+01:00,1.06625,109.0
69,2023-03-13 15:00:00+01:00,1.06504,UP,3,SINGLE_WAVE_FORT_UP,,,,,,,,,,,,,,83.20000000000105,2023-03-13 14:00:00+01:00,3-Month BTF Auction,FR,3.0,,2023-03-13 16:29:00+01:00,1.07336,89.0
70,2023-03-13 15:26:00+01:00,1.06968,UP,3,DOUBLE_WAVE_UP,2023-03-13 15:45:00+01:00,1.07248,28.000000000001357,19.0,2023-03-13 15:53:00+01:00,1.07176,7.200000000000539,0.25714285714286395,8.0,2023-03-13 16:29:00+01:00,1.07336,16.00000000000046,36.0,36.800000000001276,2023-03-13 14:00:00+01:00,6-Month BTF Auction,FR,3.0,,,,
74,2023-03-15 09:46:00+01:00,1.07379,DOWN,1,SINGLE_WAVE_FORT_DOWN,,,,,,,,,,,,,,106.69999999999958,2023-03-15 09:00:00+01:00,IEA Oil Market Report,FR,2.0,,2023-03-15 11:38:00+01:00,1.06312,112.0
75,2023-03-15 14:00:00+01:00,1.05951,DOWN,10,DOUBLE_WAVE_DOWN,2023-03-15 14:07:00+01:00,1.05408,54.30000000000046,7.0,2023-03-15 14:20:00+01:00,1.05564,15.600000000000058,0.28729281767955667,13.0,2023-03-15 14:29:00+01:00,1.05224,33.99999999999848,9.0,72.69999999999888,2023-03-15 12:30:00+01:00,Core PPI YoY,US,3.0,32.183542,,,
76,2023-03-15 16:47:00+01:00,1.05161,UP,1,DOUBLE_WAVE_UP,2023-03-15 17:02:00+01:00,1.05376,21.500000000000963,15.0,2023-03-15 17:05:00+01:00,1.05276,10.000000000001119,0.4651162790697987,3.0,2023-03-15 17:31:00+01:00,1.05439,16.300000000000203,26.0,27.800000000000047,2023-03-15 15:30:00+01:00,17-Week Bill Auction,US,3.0,15.744663,,,
78,2023-03-16 14:51:00+01:00,1.06211,DOWN,1,DOUBLE_WAVE_DOWN,2023-03-16 14:57:00+01:00,1.06011,20.000000000000018,6.0,2023-03-16 14:58:00+01:00,1.06123,11.199999999997878,0.5599999999998935,1.0,2023-03-16 15:26:00+01:00,1.05729,39.39999999999833,28.0,48.200000000000465,2023-03-16 13:45:00+01:00,ECB Press Conference,EU,1.0,59.212903,,,
79,2023-03-16 16:32:00+01:00,1.05862,UP,1,DOUBLE_WAVE_UP,2023-03-16 16:52:00+01:00,1.0615,28.800000000002157,20.0,2023-03-16 17:09:00+01:00,1.06073,7.7000000000015945,0.26736111111114647,17.0,2023-03-16 17:46:00+01:00,1.06254,18.100000000000893,37.0,39.20000000000145,2023-03-16 15:15:00+01:00,ECB President Lagarde Speech,EU,2.0,20.40659,,,
83,2023-03-20 09:26:00+01:00,1.06313,UP,0,SINGLE_WAVE_FORT_UP,,,,,,,,,,,,,,59.70000000000031,,,,,,2023-03-20 11:17:00+01:00,1.0691,111.0
84,2023-03-22 18:41:00+01:00,1.07898,UP,6,DOUBLE_WAVE_UP,2023-03-22 19:00:00+01:00,1.08459,56.09999999999893,19.0,2023-03-22 19:02:00+01:00,1.08252,20.700000000000163,0.3689839572192613,2.0,2023-03-22 19:42:00+01:00,1.08856,60.40000000000045,40.0,95.79999999999922,2023-03-22 18:00:00+01:00,FOMC Economic Projections,US,3.0,55.974375,,,
85,2023-03-22 19:45:00+01:00,1.09124,DOWN,1,DOUBLE_WAVE_DOWN,2023-03-22 19:56:00+01:00,1.08781,34.30000000000044,11.0,2023-03-22 19:57:00+01:00,1.08907,12.600000000000389,0.36734693877551683,1.0,2023-03-22 20:09:00+01:00,1.08526,38.10000000000091,12.0,59.80000000000096,2023-03-22 18:30:00+01:00,Fed Press Conference,US,1.0,60.403438,,,
89,2023-03-30 09:04:00+02:00,1.08236,UP,8,SINGLE_WAVE_FORT_UP,,,,,,,,,,,,,,55.79999999999919,2023-03-30 07:00:00+02:00,Retail Sales MoM,ES,3.0,,2023-03-30 10:42:00+02:00,1.08794,98.0
91,2023-04-03 07:51:00+02:00,1.07891,UP,0,SINGLE_WAVE_FORT_UP,,,,,,,,,,,,,,52.90000000000017,,,,,,2023-04-03 09:41:00+02:00,1.0842,110.0
93,2023-04-13 08:55:00+02:00,1.09767,UP,0,SINGLE_WAVE_FORT_UP,,,,,,,,,,,,,,48.50000000000021,,,,,,2023-04-13 10:08:00+02:00,1.10252,73.0
94,2023-04-13 14:30:00+02:00,1.10116,UP,9,DOUBLE_WAVE_UP,2023-04-13 14:30:00+02:00,1.10442,32.600000000000406,0.0,2023-04-13 14:39:00+02:00,1.10214,22.800000000000598,0.6993865030674943,9.0,2023-04-13 15:02:00+02:00,1.10565,35.100000000001245,23.0,44.90000000000105,2023-04-13 12:30:00+02:00,Continuing Jobless Claims,US,3.0,34.570335,,,
96,2023-04-17 15:11:00+02:00,1.09566,DOWN,4,SINGLE_WAVE_FORT_DOWN,,,,,,,,,,,,,,47.40000000000188,2023-04-17 13:00:00+02:00,6-Month BTF Auction,FR,3.0,,2023-04-17 16:39:00+02:00,1.09092,88.0
98,2023-04-19 14:30:00+02:00,1.09172,UP,0,DOUBLE_WAVE_UP,2023-04-19 14:43:00+02:00,1.09498,32.600000000000406,13.0,2023-04-19 14:52:00+02:00,1.0941,8.799999999999919,0.26993865030674263,9.0,2023-04-19 15:08:00+02:00,1.09578,16.799999999999038,16.0,40.599999999999525,,,,,,,,
102,2023-04-25 14:28:00+02:00,1.10296,DOWN,3,SINGLE_WAVE_FORT_DOWN,,,,,,,,,,,,,,51.09999999999948,2023-04-25 12:10:00+02:00,Building Permits Final,US,2.0,19.138077,2023-04-25 16:21:00+02:00,1.09785,113.0
104,2023-04-26 14:30:00+02:00,1.10356,UP,8,DOUBLE_WAVE_UP,2023-04-26 14:48:00+02:00,1.10576,21.999999999999797,18.0,2023-04-26 15:07:00+02:00,1.10482,9.40000000000163,0.42727272727280524,19.0,2023-04-26 15:24:00+02:00,1.10956,47.40000000000188,17.0,60.00000000000006,2023-04-26 12:00:00+02:00,ECB Guindos Speech,EU,3.0,20.787899,,,
105,2023-04-26 15:21:00+02:00,1.10956,DOWN,1,SINGLE_WAVE_FORT_DOWN,,,,,,,,,,,,,,59.200000000001474,2023-04-26 13:45:00+02:00,ECB Tuominen Speech,EU,3.0,18.4775,2023-04-26 17:16:00+02:00,1.10364,115.0
106,2023-04-27 14:27:00+02:00,1.10576,DOWN,9,DOUBLE_WAVE_DOWN,2023-04-27 14:31:00+02:00,1.1025,32.600000000000406,4.0,2023-04-27 14:33:00+02:00,1.10368,11.799999999999589,0.36196319018403195,2.0,2023-04-27 15:12:00+02:00,1.10001,36.70000000000062,39.0,57.500000000001435,2023-04-27 12:30:00+02:00,GDP Growth Rate QoQ Adv,US,1.0,37.428882,,,
108,2023-04-28 15:59:00+02:00,1.0991,UP,6,DOUBLE_WAVE_UP,2023-04-28 16:07:00+02:00,1.10124,21.400000000000308,8.0,2023-04-28 16:10:00+02:00,1.10019,10.499999999999954,0.4906542056074674,3.0,2023-04-28 16:48:00+02:00,1.1028,26.100000000000012,38.0,37.00000000000037,2023-04-28 13:45:00+02:00,Chicago PMI,US,2.0,24.558654,,,
109,2023-05-01 15:50:00+02:00,1.10276,DOWN,6,DOUBLE_WAVE_DOWN,2023-05-01 16:00:00+02:00,1.10002,27.399999999999647,10.0,2023-05-01 16:01:00+02:00,1.10102,10.000000000001119,0.3649635036496806,1.0,2023-05-01 16:33:00+02:00,1.09826,27.600000000000957,32.0,44.99999999999949,2023-05-01 13:45:00+02:00,S&P Global Manufacturing PMI Final,US,2.0,33.293864,,,
110,2023-05-03 19:59:00+02:00,1.1092,DOWN,1,DOUBLE_WAVE_DOWN,2023-05-03 20:05:00+02:00,1.10666,25.399999999999867,6.0,2023-05-03 20:06:00+02:00,1.10778,11.200000000000099,0.44094488188977,1.0,2023-05-03 20:35:00+02:00,1.10373,40.49999999999887,29.0,54.69999999999864,2023-05-03 18:00:00+02:00,Fed Interest Rate Decision,US,1.0,61.232813,,,
111,2023-05-04 08:15:00+02:00,1.10917,DOWN,3,SINGLE_WAVE_FORT_DOWN,,,,,,,,,,,,,,40.599999999999525,2023-05-04 06:00:00+02:00,Imports MoM,DE,3.0,16.433125,2023-05-04 10:09:00+02:00,1.10511,114.0
114,2023-05-11 07:41:00+02:00,1.09824,DOWN,0,SINGLE_WAVE_FORT_DOWN,,,,,,,,,,,,,,58.20000000000158,,,,,,2023-05-11 09:09:00+02:00,1.09242,88.0
118,2023-05-24 12:19:00+02:00,1.07481,UP,1,SINGLE_WAVE_FORT_UP,,,,,,,,,,,,,,41.89999999999916,2023-05-24 10:00:00+02:00,CBI Industrial Trends Orders,UK,2.0,,2023-05-24 14:05:00+02:00,1.079,106.0
119,2023-05-31 18:52:00+02:00,1.06352,UP,1,SINGLE_WAVE_FORT_UP,,,,,,,,,,,,,,44.800000000000395,2023-05-31 16:30:00+02:00,Fed Harker Speech,US,2.0,16.392857,2023-05-31 20:43:00+02:00,1.068,111.0
120,2023-06-02 15:29:00+02:00,1.0771,DOWN,1,SINGLE_WAVE_FORT_DOWN,,,,,,,,,,,,,,49.69999999999919,2023-06-02 13:40:00+02:00,Total Vehicle Sales,US,3.0,23.446582,2023-06-02 16:57:00+02:00,1.07213,88.0
122,2023-06-07 15:57:00+02:00,1.07398,DOWN,0,SINGLE_WAVE_FORT_DOWN,,,,,,,,,,,,,,44.599999999999085,,,,,,2023-06-07 17:51:00+02:00,1.06952,114.0
123,2023-06-14 14:30:00+02:00,1.08018,UP,4,SINGLE_WAVE_FORT_UP,,,,,,,,,,,,,,47.000000000001485,2023-06-14 12:30:00+02:00,Core PPI YoY,US,3.0,32.183542,2023-06-14 16:27:00+02:00,1.08488,117.0
127,2023-06-15 14:04:00+02:00,1.08146,UP,21,DOUBLE_WAVE_UP,2023-06-15 14:16:00+02:00,1.08516,36.999999999998145,12.0,2023-06-15 14:18:00+02:00,1.08376,13.999999999998458,0.3783783783783557,2.0,2023-06-15 14:46:00+02:00,1.08812,43.5999999999992,28.0,66.59999999999889,2023-06-15 12:15:00+02:00,ECB Interest Rate Decision,EU,1.0,63.264516,,,
128,2023-06-23 07:55:00+02:00,1.09334,DOWN,4,SINGLE_WAVE_FORT_DOWN,,,,,,,,,,,,,,79.79999999999876,2023-06-23 06:00:00+02:00,Retail Sales ex Fuel MoM,UK,2.0,,2023-06-23 09:30:00+02:00,1.08536,95.0
131,2023-06-29 14:09:00+02:00,1.09414,DOWN,14,SINGLE_WAVE_FORT_DOWN,,,,,,,,,,,,,,81.0999999999984,2023-06-29 12:00:00+02:00,Harmonised Inflation Rate MoM Prel,DE,3.0,26.731522,2023-06-29 15:44:00+02:00,1.08603,95.0
135,2023-07-06 16:35:00+02:00,1.08336,UP,9,SINGLE_WAVE_FORT_UP,,,,,,,,,,,,,,52.39999999999911,2023-07-06 15:00:00+02:00,EIA Distillate Fuel Production Change,US,3.0,23.055419,2023-07-06 18:09:00+02:00,1.0886,94.0
136,2023-07-07 14:30:00+02:00,1.08746,UP,10,SINGLE_WAVE_FORT_UP,,,,,,,,,,,,,,57.69999999999831,2023-07-07 12:30:00+02:00,Average Hourly Earnings YoY,US,2.0,64.612083,2023-07-07 16:30:00+02:00,1.09323,120.0
139,2023-07-12 14:30:00+02:00,1.10138,UP,6,DOUBLE_WAVE_UP,2023-07-12 14:38:00+02:00,1.1072,58.19999999999936,8.0,2023-07-12 14:54:00+02:00,1.10436,28.399999999999537,0.48797250859106267,16.0,2023-07-12 15:33:00+02:00,1.1087,43.400000000000105,39.0,73.19999999999993,2023-07-12 12:30:00+02:00,Core Inflation Rate MoM,US,1.0,61.936458,,,
140,2023-07-14 09:16:00+02:00,1.12041,UP,0,SINGLE_WAVE_FORT_UP,,,,,,,,,,,,,,40.99999999999993,,,,,,2023-07-14 11:14:00+02:00,1.12451,118.0
142,2023-07-18 09:35:00+02:00,1.12757,DOWN,1,DOUBLE_WAVE_DOWN,2023-07-18 09:51:00+02:00,1.12442,31.49999999999986,16.0,2023-07-18 09:57:00+02:00,1.12586,14.400000000001079,0.4571428571428934,6.0,2023-07-18 10:31:00+02:00,1.12348,23.800000000000487,34.0,40.89999999999927,2023-07-18 08:00:00+02:00,Construction Output YoY,IT,3.0,,,,
145,2023-07-20 15:15:00+02:00,1.11854,DOWN,0,SINGLE_WAVE_FORT_DOWN,,,,,,,,,,,,,,44.800000000000395,,,,,,2023-07-20 16:43:00+02:00,1.11406,88.0
146,2023-07-24 09:08:00+02:00,1.1147,DOWN,7,DOUBLE_WAVE_DOWN,2023-07-24 09:16:00+02:00,1.11201,26.900000000000812,8.0,2023-07-24 09:20:00+02:00,1.11306,10.499999999999954,0.3903345724906928,4.0,2023-07-24 09:36:00+02:00,1.10747,55.899999999999835,16.0,72.3000000000007,2023-07-24 07:00:00+02:00,PPI YoY,ES,3.0,,,,
147,2023-07-26 19:57:00+02:00,1.10572,UP,1,DOUBLE_WAVE_UP,2023-07-26 20:02:00+02:00,1.10788,21.599999999999397,5.0,2023-07-26 20:22:00+02:00,1.10654,13.399999999998968,0.6203703703703399,20.0,2023-07-26 21:00:00+02:00,1.1107,41.59999999999941,38.0,49.79999999999984,2023-07-26 18:00:00+02:00,Fed Interest Rate Decision,US,1.0,61.232813,,,
149,2023-07-27 07:56:00+02:00,1.10881,UP,1,SINGLE_WAVE_FORT_UP,,,,,,,,,,,,,,44.69999999999974,2023-07-27 06:00:00+02:00,GfK Consumer Confidence,DE,1.0,17.787708,2023-07-27 09:50:00+02:00,1.11328,114.0
150,2023-07-27 14:00:00+02:00,1.11412,DOWN,19,SINGLE_WAVE_FORT_DOWN,,,,,,,,,,,,,,149.60000000000085,2023-07-27 12:15:00+02:00,Deposit Facility Rate,EU,2.0,63.264516,2023-07-27 15:45:00+02:00,1.09916,105.0
151,2023-07-27 19:10:00+02:00,1.10105,DOWN,1,SINGLE_WAVE_FORT_DOWN,,,,,,,,,,,,,,41.900000000001384,2023-07-27 17:00:00+02:00,7-Year Note Auction,US,3.0,16.54898,2023-07-27 21:07:00+02:00,1.09686,117.0
153,2023-07-28 11:00:00+02:00,1.09566,UP,10,SINGLE_WAVE_FORT_UP,,,,,,,,,,,,,,40.19999999999912,2023-07-28 09:00:00+02:00,Saxony CPI MoM,DE,3.0,20.790789,2023-07-28 12:51:00+02:00,1.09968,111.0
154,2023-07-28 14:27:00+02:00,1.10338,DOWN,13,DOUBLE_WAVE_DOWN,2023-07-28 14:36:00+02:00,1.10112,22.599999999999287,9.0,2023-07-28 14:38:00+02:00,1.10187,7.499999999998064,0.3318584070795708,2.0,2023-07-28 15:08:00+02:00,1.09932,25.499999999998302,30.0,40.599999999999525,2023-07-28 12:00:00+02:00,Inflation Rate YoY Prel,DE,1.0,26.415957,,,
157,2023-08-04 13:24:00+02:00,1.09392,UP,0,SINGLE_WAVE_FORT_UP,,,,,,,,,,,,,,84.50000000000068,,,,,,2023-08-04 15:16:00+02:00,1.10237,112.0
161,2023-08-10 16:01:00+02:00,1.1044,DOWN,1,DOUBLE_WAVE_DOWN,2023-08-10 16:13:00+02:00,1.10234,20.599999999999508,12.0,2023-08-10 16:16:00+02:00,1.1034,10.599999999998388,0.5145631067960506,3.0,2023-08-10 16:52:00+02:00,1.10124,21.599999999999397,36.0,31.600000000000517,2023-08-10 14:30:00+02:00,EIA Natural Gas Stocks Change,US,3.0,22.6025,,,
162,2023-08-11 14:25:00+02:00,1.10051,DOWN,5,DOUBLE_WAVE_DOWN,2023-08-11 14:35:00+02:00,1.09764,28.700000000001502,10.0,2023-08-11 14:38:00+02:00,1.09846,8.20000000000043,0.2857142857142857,3.0,2023-08-11 15:18:00+02:00,1.09605,24.100000000000232,40.0,44.6000000000013,2023-08-11 12:30:00+02:00,Core PPI MoM,US,2.0,31.76234,,,
163,2023-08-14 15:45:00+02:00,1.08748,UP,0,SINGLE_WAVE_FORT_UP,,,,,,,,,,,,,,49.999999999998934,,,,,,2023-08-14 17:45:00+02:00,1.09248,120.0
164,2023-08-23 09:23:00+02:00,1.08715,DOWN,6,SINGLE_WAVE_FORT_DOWN,,,,,,,,,,,,,,60.2999999999998,2023-08-23 07:15:00+02:00,HCOB Services PMI Flash,FR,2.0,,2023-08-23 11:18:00+02:00,1.08112,115.0
165,2023-08-23 14:53:00+02:00,1.08024,UP,0,SINGLE_WAVE_FORT_UP,,,,,,,,,,,,,,51.59999999999832,,,,,,2023-08-23 16:27:00+02:00,1.0854,94.0
168,2023-08-30 14:00:00+02:00,1.08746,UP,15,DOUBLE_WAVE_UP,2023-08-30 14:15:00+02:00,1.09012,26.599999999998847,15.0,2023-08-30 14:25:00+02:00,1.08886,12.600000000000389,0.47368421052635096,10.0,2023-08-30 14:55:00+02:00,1.09259,37.30000000000011,30.0,51.29999999999857,2023-08-30 12:00:00+02:00,Inflation Rate YoY Prel,DE,1.0,26.415957,,,
169,2023-08-30 14:14:00+02:00,1.0886,UP,15,DOUBLE_WAVE_UP,2023-08-30 14:33:00+02:00,1.09166,30.600000000000627,19.0,2023-08-30 14:36:00+02:00,1.09058,10.799999999999699,0.35294117647057116,3.0,2023-08-30 15:16:00+02:00,1.09261,20.299999999999763,40.0,40.10000000000069,2023-08-30 12:00:00+02:00,Inflation Rate MoM Prel,DE,2.0,26.415957,,,
171,2023-09-01 15:32:00+02:00,1.08813,DOWN,6,DOUBLE_WAVE_DOWN,2023-09-01 15:42:00+02:00,1.08537,27.600000000000957,10.0,2023-09-01 15:44:00+02:00,1.0864,10.300000000000864,0.3731884057971198,2.0,2023-09-01 16:24:00+02:00,1.08194,44.6000000000013,40.0,61.9000000000014,2023-09-01 13:45:00+02:00,S&P Global Manufacturing PMI Final,US,2.0,33.293864,,,
172,2023-09-06 15:52:00+02:00,1.07404,DOWN,9,DOUBLE_WAVE_DOWN,2023-09-06 16:02:00+02:00,1.07027,37.700000000000514,10.0,2023-09-06 16:16:00+02:00,1.0725,22.299999999999542,0.5915119363395024,14.0,2023-09-06 16:27:00+02:00,1.07046,20.400000000000418,11.0,35.80000000000139,2023-09-06 13:35:00+02:00,Bundesbank Wuermeling Speech,DE,3.0,18.776842,,,
176,2023-09-13 14:30:00+02:00,1.07112,UP,6,DOUBLE_WAVE_UP,2023-09-13 14:37:00+02:00,1.07604,49.20000000000036,7.0,2023-09-13 14:46:00+02:00,1.07326,27.800000000000047,0.5650406504065009,9.0,2023-09-13 14:52:00+02:00,1.07616,28.999999999999027,6.0,50.39999999999934,2023-09-13 12:30:00+02:00,CPI,US,2.0,61.936458,,,
177,2023-09-14 15:12:00+02:00,1.06975,DOWN,1,DOUBLE_WAVE_DOWN,2023-09-14 15:31:00+02:00,1.06654,32.099999999999355,19.0,2023-09-14 15:40:00+02:00,1.06844,19.000000000000128,0.5919003115264956,9.0,2023-09-14 16:19:00+02:00,1.0654,30.400000000001537,39.0,43.50000000000076,2023-09-14 12:45:00+02:00,ECB Press Conference,EU,1.0,59.212903,,,
181,2023-09-21 14:27:00+02:00,1.06246,UP,10,SINGLE_WAVE_FORT_UP,,,,,,,,,,,,,,40.99999999999993,2023-09-21 12:30:00+02:00,Current Account,US,2.0,20.111684,2023-09-21 16:22:00+02:00,1.06656,115.0
184,2023-09-28 14:57:00+02:00,1.05178,UP,11,DOUBLE_WAVE_UP,2023-09-28 15:07:00+02:00,1.05398,21.999999999999797,10.0,2023-09-28 15:17:00+02:00,1.05302,9.599999999998499,0.4363636363635721,10.0,2023-09-28 15:35:00+02:00,1.05548,24.599999999999067,18.0,37.00000000000037,2023-09-28 12:30:00+02:00,Continuing Jobless Claims,US,3.0,34.570335,,,
185,2023-09-29 14:27:00+02:00,1.06106,DOWN,9,SINGLE_WAVE_FORT_DOWN,,,,,,,,,,,,,,40.599999999999525,2023-09-29 12:30:00+02:00,PCE Price Index MoM,US,2.0,32.599,2023-09-29 16:24:00+02:00,1.057,117.0
187,2023-10-02 15:09:00+02:00,1.05328,DOWN,3,SINGLE_WAVE_FORT_DOWN,,,,,,,,,,,,,,40.49999999999887,2023-10-02 13:00:00+02:00,6-Month BTF Auction,FR,3.0,,2023-10-02 16:43:00+02:00,1.04923,94.0
191,2023-10-09 14:42:00+02:00,1.05226,UP,4,DOUBLE_WAVE_UP,2023-10-09 15:02:00+02:00,1.05494,26.800000000000157,20.0,2023-10-09 15:17:00+02:00,1.05374,12.000000000000899,0.4477611940298817,15.0,2023-10-09 15:56:00+02:00,1.05549,17.500000000001403,39.0,32.300000000000665,2023-10-09 13:00:00+02:00,3-Month BTF Auction,FR,3.0,,,,
192,2023-10-10 08:30:00+02:00,1.05546,UP,0,SINGLE_WAVE_FORT_UP,,,,,,,,,,,,,,40.79999999999862,,,,,,2023-10-10 10:30:00+02:00,1.05954,120.0
194,2023-10-11 14:27:00+02:00,1.05818,UP,6,DOUBLE_WAVE_UP,2023-10-11 14:36:00+02:00,1.06044,22.600000000001508,9.0,2023-10-11 14:37:00+02:00,1.05934,11.000000000001009,0.48672566371682635,1.0,2023-10-11 15:01:00+02:00,1.06184,24.999999999999467,24.0,36.599999999999966,2023-10-11 12:30:00+02:00,"PPI Ex Food, Energy and Trade YoY",US,3.0,29.326296,,,
200,2023-10-23 15:41:00+02:00,1.05912,UP,1,SINGLE_WAVE_FORT_UP,,,,,,,,,,,,,,54.199999999999804,2023-10-23 14:00:00+02:00,Consumer Confidence Flash,EU,3.0,23.315957,2023-10-23 17:39:00+02:00,1.06454,118.0
204,2023-10-30 09:30:00+01:00,1.05472,UP,13,SINGLE_WAVE_FORT_UP,,,,,,,,,,,,,,40.99999999999993,2023-10-30 08:00:00+01:00,Core Inflation Rate YoY Prel,ES,3.0,,2023-10-30 11:05:00+01:00,1.05882,95.0
205,2023-10-31 08:13:00+01:00,1.06038,UP,4,SINGLE_WAVE_FORT_UP,,,,,,,,,,,,,,41.999999999999815,2023-10-31 07:00:00+01:00,Import Prices MoM,DE,3.0,19.645306,2023-10-31 09:59:00+01:00,1.06458,106.0
207,2023-11-01 15:43:00+01:00,1.0571,DOWN,9,DOUBLE_WAVE_DOWN,2023-11-01 16:00:00+01:00,1.05502,20.799999999998597,17.0,2023-11-01 16:11:00+01:00,1.05594,9.200000000000319,0.4423076923077375,11.0,2023-11-01 16:51:00+01:00,1.05375,21.900000000001363,40.0,33.499999999999645,2023-11-01 14:30:00+01:00,EIA Heating Oil Stocks Change,US,3.0,23.055419,,,
211,2023-11-14 15:00:00+01:00,1.0711,UP,7,SINGLE_WAVE_FORT_UP,,,,,,,,,,,,,,131.4000000000015,2023-11-14 13:30:00+01:00,CPI,US,2.0,61.936458,2023-11-14 16:30:00+01:00,1.08424,90.0
212,2023-11-15 14:30:00+01:00,1.08861,DOWN,11,SINGLE_WAVE_FORT_DOWN,,,,,,,,,,,,,,54.50000000000177,2023-11-15 13:30:00+01:00,Retail Sales MoM,US,1.0,37.806458,2023-11-15 15:57:00+01:00,1.08316,87.0
214,2023-11-16 14:15:00+01:00,1.0839,UP,14,DOUBLE_WAVE_UP,2023-11-16 14:30:00+01:00,1.08638,24.799999999998157,15.0,2023-11-16 14:31:00+01:00,1.0853,10.799999999999699,0.43548387096776214,1.0,2023-11-16 14:59:00+01:00,1.08816,28.600000000000847,28.0,42.599999999999305,2023-11-16 13:30:00+01:00,Continuing Jobless Claims,US,3.0,34.570335,,,
215,2023-11-16 16:29:00+01:00,1.08956,DOWN,6,DOUBLE_WAVE_DOWN,2023-11-16 16:45:00+01:00,1.08718,23.800000000000487,16.0,2023-11-16 17:04:00+01:00,1.0883,11.200000000000099,0.47058823529411214,19.0,2023-11-16 17:44:00+01:00,1.08482,34.800000000001496,40.0,47.40000000000188,2023-11-16 15:00:00+01:00,BoE Kroszner Speech,UK,3.0,,,,
219,2023-11-30 07:39:00+01:00,1.0982,DOWN,2,SINGLE_WAVE_FORT_DOWN,,,,,,,,,,,,,,55.000000000000604,2023-11-30 07:00:00+01:00,Retail Sales MoM,DE,2.0,18.700408,2023-11-30 09:39:00+01:00,1.0927,120.0
221,2023-11-30 14:27:00+01:00,1.095,DOWN,11,DOUBLE_WAVE_DOWN,2023-11-30 14:37:00+01:00,1.09264,23.599999999999177,10.0,2023-11-30 14:39:00+01:00,1.09363,9.900000000000464,0.4194915254237631,2.0,2023-11-30 15:00:00+01:00,1.09075,28.799999999999937,21.0,42.49999999999865,2023-11-30 13:30:00+01:00,Core PCE Price Index YoY,US,3.0,32.599,,,
225,2023-12-05 16:01:00+01:00,1.0839,DOWN,11,DOUBLE_WAVE_DOWN,2023-12-05 16:19:00+01:00,1.08166,22.400000000000198,18.0,2023-12-05 16:24:00+01:00,1.08297,13.099999999999223,0.5848214285713887,5.0,2023-12-05 16:52:00+01:00,1.07988,30.90000000000037,28.0,40.200000000001346,2023-12-05 14:45:00+01:00,S&P Global Services PMI Final,US,2.0,33.855556,,,
226,2023-12-08 15:00:00+01:00,1.07237,UP,10,DOUBLE_WAVE_UP,2023-12-08 15:09:00+01:00,1.07468,23.100000000000342,9.0,2023-12-08 15:26:00+01:00,1.07304,16.40000000000086,0.7099567099567365,17.0,2023-12-08 16:00:00+01:00,1.07686,38.19999999999935,34.0,44.899999999998826,2023-12-08 13:30:00+01:00,Nonfarm Payrolls Private,US,3.0,64.612083,,,
227,2023-12-08 16:16:00+01:00,1.07858,DOWN,5,SINGLE_WAVE_FORT_DOWN,,,,,,,,,,,,,,45.600000000001195,2023-12-08 15:00:00+01:00,Michigan Inflation Expectations Prel,US,3.0,30.241489,2023-12-08 18:10:00+01:00,1.07402,114.0
230,2023-12-13 19:07:00+01:00,1.078,UP,0,SINGLE_WAVE_FORT_UP,,,,,,,,,,,,,,111.59999999999837,,,,,,2023-12-13 20:51:00+01:00,1.08916,104.0
231,2023-12-14 15:00:00+01:00,1.09068,UP,12,DOUBLE_WAVE_UP,2023-12-14 15:13:00+01:00,1.09786,71.79999999999964,13.0,2023-12-14 15:29:00+01:00,1.09492,29.400000000001647,0.40947075208916145,16.0,2023-12-14 16:02:00+01:00,1.09973,48.10000000000203,33.0,90.50000000000003,2023-12-14 13:30:00+01:00,Export Prices YoY,US,3.0,30.947021,,,
235,2023-12-21 11:04:00+01:00,1.094,UP,1,SINGLE_WAVE_FORT_UP,,,,,,,,,,,,,,45.100000000000136,2023-12-21 10:00:00+01:00,Construction Output YoY,IT,3.0,,2023-12-21 12:39:00+01:00,1.09851,95.0
238,2023-12-28 16:39:00+01:00,1.11135,DOWN,10,SINGLE_WAVE_FORT_DOWN,,,,,,,,,,,,,,47.399999999999665,2023-12-28 15:30:00+01:00,EIA Natural Gas Stocks Change,US,3.0,22.6025,2023-12-28 18:17:00+01:00,1.10661,98.0
240,2024-01-05 16:08:00+01:00,1.09986,DOWN,7,DOUBLE_WAVE_DOWN,2024-01-05 16:16:00+01:00,1.0972,26.600000000001067,8.0,2024-01-05 16:26:00+01:00,1.09921,20.100000000000673,0.7556390977443559,10.0,2024-01-05 17:04:00+01:00,1.09695,22.599999999999287,38.0,29.09999999999968,2024-01-05 15:00:00+01:00,Factory Orders ex Transportation,US,3.0,34.910625,,,
242,2024-01-12 15:00:00+01:00,1.0936,UP,6,DOUBLE_WAVE_UP,2024-01-12 15:04:00+01:00,1.09661,30.100000000001792,4.0,2024-01-12 15:13:00+01:00,1.09528,13.300000000000534,0.4418604651162705,9.0,2024-01-12 15:47:00+01:00,1.0985,32.2,34.0,49.000000000001265,2024-01-12 13:30:00+01:00,Core PPI YoY,US,3.0,32.183542,,,
244,2024-01-16 08:49:00+01:00,1.09268,DOWN,0,SINGLE_WAVE_FORT_DOWN,,,,,,,,,,,,,,42.50000000000087,,,,,,2024-01-16 10:44:00+01:00,1.08843,115.0
245,2024-01-23 14:55:00+01:00,1.0876,DOWN,0,SINGLE_WAVE_FORT_DOWN,,,,,,,,,,,,,,54.3999999999989,,,,,,2024-01-23 16:44:00+01:00,1.08216,109.0
247,2024-01-24 15:27:00+01:00,1.09324,DOWN,3,DOUBLE_WAVE_DOWN,2024-01-24 15:45:00+01:00,1.09068,25.599999999998957,18.0,2024-01-24 15:46:00+01:00,1.0918,11.200000000000099,0.4375000000000217,1.0,2024-01-24 16:04:00+01:00,1.08959,22.100000000000453,18.0,36.49999999999931,2024-01-24 14:45:00+01:00,S&P Global Composite PMI Flash,US,2.0,35.943333,,,
248,2024-01-25 15:00:00+01:00,1.08952,DOWN,18,SINGLE_WAVE_FORT_DOWN,,,,,,,,,,,,,,65.8000000000003,2024-01-25 13:30:00+01:00,Retail Inventories Ex Autos MoM Adv,US,2.0,30.037347,2024-01-25 16:57:00+01:00,1.08294,117.0
252,2024-01-31 19:57:00+01:00,1.0859,DOWN,1,SINGLE_WAVE_FORT_DOWN,,,,,,,,,,,,,,64.00000000000183,2024-01-31 19:00:00+01:00,Fed Interest Rate Decision,US,1.0,61.232813,2024-01-31 21:34:00+01:00,1.0795,97.0
255,2024-02-16 14:36:00+01:00,1.07321,UP,10,SINGLE_WAVE_FORT_UP,,,,,,,,,,,,,,40.000000000000036,2024-02-16 13:30:00+01:00,PPI YoY,US,3.0,32.183542,2024-02-16 16:19:00+01:00,1.07721,103.0
257,2024-02-22 09:12:00+01:00,1.08885,DOWN,8,DOUBLE_WAVE_DOWN,2024-02-22 09:30:00+01:00,1.08578,30.700000000001282,18.0,2024-02-22 09:49:00+01:00,1.08722,14.400000000001079,0.4690553745928494,19.0,2024-02-22 10:27:00+01:00,1.08536,18.599999999999728,38.0,34.899999999999935,2024-02-22 07:45:00+01:00,Business Confidence,FR,2.0,,,,
261,2024-03-07 14:51:00+01:00,1.08677,UP,13,DOUBLE_WAVE_UP,2024-03-07 15:06:00+01:00,1.08902,22.500000000000853,15.0,2024-03-07 15:10:00+01:00,1.08816,8.60000000000083,0.3822222222222446,4.0,2024-03-07 15:36:00+01:00,1.09076,25.999999999999357,26.0,39.89999999999938,2024-03-07 13:30:00+01:00,Imports,US,2.0,22.525745,,,
263,2024-03-21 08:10:00+01:00,1.09427,DOWN,3,SINGLE_WAVE_FORT_DOWN,,,,,,,,,,,,,,55.30000000000035,2024-03-21 07:00:00+01:00,Public Sector Net Borrowing,UK,3.0,,2024-03-21 09:53:00+01:00,1.08874,103.0
265,2024-04-03 14:48:00+02:00,1.0773,UP,0,SINGLE_WAVE_FORT_UP,,,,,,,,,,,,,,48.90000000000061,,,,,,2024-04-03 16:45:00+02:00,1.08219,117.0
266,2024-04-05 14:27:00+02:00,1.08479,DOWN,11,DOUBLE_WAVE_DOWN,2024-04-05 14:33:00+02:00,1.08026,45.29999999999923,6.0,2024-04-05 14:38:00+02:00,1.08207,18.100000000000893,0.39955849889627376,5.0,2024-04-05 15:14:00+02:00,1.07914,29.300000000000992,36.0,56.49999999999933,2024-04-05 12:30:00+02:00,Fed Collins Speech,US,2.0,27.719545,,,
267,2024-04-10 14:26:00+02:00,1.0865,DOWN,7,SINGLE_WAVE_FORT_DOWN,,,,,,,,,,,,,,119.1999999999993,2024-04-10 12:30:00+02:00,CPI,US,2.0,61.936458,2024-04-10 16:04:00+02:00,1.07458,98.0
268,2024-04-11 15:13:00+02:00,1.07478,DOWN,3,SINGLE_WAVE_FORT_DOWN,,,,,,,,,,,,,,48.60000000000086,2024-04-11 12:45:00+02:00,Fed Williams Speech,US,2.0,20.91,2024-04-11 16:54:00+02:00,1.06992,101.0
275,2024-06-07 14:27:00+02:00,1.09023,DOWN,10,SINGLE_WAVE_FORT_DOWN,,,,,,,,,,,,,,89.39999999999948,2024-06-07 12:30:00+02:00,Average Hourly Earnings MoM,US,2.0,64.612083,2024-06-07 16:16:00+02:00,1.08129,109.0
276,2024-06-12 19:57:00+02:00,1.08442,DOWN,8,SINGLE_WAVE_FORT_DOWN,,,,,,,,,,,,,,40.599999999999525,2024-06-12 18:00:00+02:00,Fed Interest Rate Decision,US,1.0,61.232813,2024-06-12 21:32:00+02:00,1.08036,95.0
277,2024-06-12 14:30:00+02:00,1.07636,UP,9,SINGLE_WAVE_FORT_UP,,,,,,,,,,,,,,80.99999999999996,2024-06-12 12:00:00+02:00,NIESR Monthly GDP Tracker,UK,3.0,,2024-06-12 16:28:00+02:00,1.08446,118.0
279,2024-06-21 07:30:00+02:00,1.072,DOWN,6,SINGLE_WAVE_FORT_DOWN,,,,,,,,,,,,,,44.800000000000395,2024-06-21 06:00:00+02:00,Retail Sales ex Fuel MoM,UK,2.0,,2024-06-21 09:30:00+02:00,1.06752,120.0
280,2024-07-01 15:57:00+02:00,1.077,DOWN,6,SINGLE_WAVE_FORT_DOWN,,,,,,,,,,,,,,50.39999999999934,2024-07-01 13:45:00+02:00,S&P Global Manufacturing PMI Final,US,2.0,33.293864,2024-07-01 17:10:00+02:00,1.07196,73.0
281,2024-07-03 14:00:00+02:00,1.07564,UP,9,SINGLE_WAVE_FORT_UP,,,,,,,,,,,,,,50.799999999999734,2024-07-03 11:30:00+02:00,Challenger Job Cuts,US,3.0,24.754348,2024-07-03 16:00:00+02:00,1.08072,120.0
285,2024-08-05 14:46:00+02:00,1.10089,DOWN,3,SINGLE_WAVE_FORT_DOWN,,,,,,,,,,,,,,52.29999999999846,2024-08-05 13:00:00+02:00,6-Month BTF Auction,FR,3.0,,2024-08-05 16:33:00+02:00,1.09566,107.0
287,2024-08-08 14:00:00+02:00,1.09334,DOWN,3,SINGLE_WAVE_FORT_DOWN,,,,,,,,,,,,,,51.999999999998714,2024-08-08 12:30:00+02:00,Initial Jobless Claims,US,2.0,34.570335,2024-08-08 15:49:00+02:00,1.08814,109.0
289,2024-08-19 15:10:00+02:00,1.10302,UP,4,SINGLE_WAVE_FORT_UP,,,,,,,,,,,,,,43.50000000000076,2024-08-19 13:00:00+02:00,3-Month BTF Auction,FR,3.0,,2024-08-19 16:50:00+02:00,1.10737,100.0
290,2024-08-21 15:57:00+02:00,1.10991,UP,1,DOUBLE_WAVE_UP,2024-08-21 16:15:00+02:00,1.11275,28.399999999999537,18.0,2024-08-21 16:35:00+02:00,1.11082,19.299999999999873,0.679577464788739,20.0,2024-08-21 16:50:00+02:00,1.11299,21.700000000000053,15.0,30.799999999999716,2024-08-21 14:00:00+02:00,Non Farm Payrolls Annual Revision,US,1.0,,,,
292,2024-08-23 15:33:00+02:00,1.11056,UP,3,SINGLE_WAVE_FORT_UP,,,,,,,,,,,,,,90.60000000000068,2024-08-23 14:00:00+02:00,New Home Sales,US,2.0,24.74,2024-08-23 17:24:00+02:00,1.11962,111.0
295,2024-09-04 15:53:00+02:00,1.10514,UP,5,DOUBLE_WAVE_UP,2024-09-04 16:03:00+02:00,1.10864,35.00000000000058,10.0,2024-09-04 16:10:00+02:00,1.10666,19.800000000000928,0.5657142857143028,7.0,2024-09-04 16:43:00+02:00,1.10922,25.600000000001177,33.0,40.800000000000836,2024-09-04 14:00:00+02:00,Total Vehicle Sales,US,3.0,23.446582,,,
297,2024-09-06 16:57:00+02:00,1.11352,DOWN,1,DOUBLE_WAVE_DOWN,2024-09-06 17:09:00+02:00,1.10843,50.90000000000039,12.0,2024-09-06 17:26:00+02:00,1.11085,24.199999999998667,0.4754420432219741,17.0,2024-09-06 18:06:00+02:00,1.10766,31.89999999999804,40.0,58.59999999999977,2024-09-06 15:00:00+02:00,Fed Waller Speech,US,2.0,17.489437,,,
301,2024-09-18 20:31:00+02:00,1.11892,DOWN,1,DOUBLE_WAVE_DOWN,2024-09-18 20:46:00+02:00,1.1155,34.19999999999979,15.0,2024-09-18 20:47:00+02:00,1.11713,16.300000000000203,0.4766081871345118,1.0,2024-09-18 21:22:00+02:00,1.112,51.29999999999857,35.0,69.19999999999816,2024-09-18 18:30:00+02:00,Fed Press Conference,US,1.0,60.403438,,,
303,2024-09-19 03:31:00+02:00,1.10686,UP,0,SINGLE_WAVE_FORT_UP,,,,,,,,,,,,,,44.39999999999999,,,,,,2024-09-19 05:30:00+02:00,1.1113,119.0
304,2024-09-19 14:00:00+02:00,1.11762,DOWN,10,SINGLE_WAVE_FORT_DOWN,,,,,,,,,,,,,,58.80000000000108,2024-09-19 12:30:00+02:00,Philly Fed Employment,US,3.0,34.304464,2024-09-19 15:51:00+02:00,1.11174,111.0
308,2024-09-23 07:47:00+02:00,1.11673,DOWN,0,SINGLE_WAVE_FORT_DOWN,,,,,,,,,,,,,,61.1000000000006,,,,,,2024-09-23 09:30:00+02:00,1.11062,103.0
310,2024-09-25 15:03:00+02:00,1.12142,DOWN,0,SINGLE_WAVE_FORT_DOWN,,,,,,,,,,,,,,48.799999999999955,,,,,,2024-09-25 16:53:00+02:00,1.11654,110.0
311,2024-09-27 16:33:00+02:00,1.11922,DOWN,0,DOUBLE_WAVE_DOWN,2024-09-27 16:49:00+02:00,1.11692,23.000000000001908,16.0,2024-09-27 16:56:00+02:00,1.11831,13.900000000000023,0.6043478260869074,7.0,2024-09-27 17:27:00+02:00,1.11635,19.599999999999618,31.0,28.700000000001502,,,,,,,,
312,2024-09-30 14:30:00+02:00,1.1203,DOWN,9,SINGLE_WAVE_FORT_DOWN,,,,,,,,,,,,,,61.99999999999983,2024-09-30 12:00:00+02:00,Harmonised Inflation Rate MoM Prel,DE,3.0,26.731522,2024-09-30 16:28:00+02:00,1.1141,118.0
313,2024-09-30 19:52:00+02:00,1.11636,DOWN,1,DOUBLE_WAVE_DOWN,2024-09-30 20:07:00+02:00,1.11354,28.200000000000447,15.0,2024-09-30 20:09:00+02:00,1.11432,7.800000000000029,0.2765957446808477,2.0,2024-09-30 20:20:00+02:00,1.11137,29.50000000000008,11.0,49.9000000000005,2024-09-30 17:55:00+02:00,Fed Chair Powell Speech,US,1.0,36.036122,,,
314,2024-10-03 15:44:00+02:00,1.10439,DOWN,10,DOUBLE_WAVE_DOWN,2024-10-03 16:04:00+02:00,1.10174,26.500000000000412,20.0,2024-10-03 16:07:00+02:00,1.10388,21.400000000000308,0.8075471698113198,3.0,2024-10-03 16:43:00+02:00,1.10084,30.399999999999316,36.0,35.49999999999942,2024-10-03 13:45:00+02:00,S&P Global Services PMI Final,US,2.0,33.855556,,,
315,2024-10-04 14:19:00+02:00,1.10294,DOWN,10,SINGLE_WAVE_FORT_DOWN,,,,,,,,,,,,,,70.60000000000066,2024-10-04 12:30:00+02:00,Nonfarm Payrolls Private,US,3.0,64.612083,2024-10-04 15:02:00+02:00,1.09588,43.0
317,2024-10-17 14:12:00+02:00,1.08742,DOWN,16,DOUBLE_WAVE_DOWN,2024-10-17 14:31:00+02:00,1.08386,35.60000000000008,19.0,2024-10-17 14:48:00+02:00,1.08493,10.699999999999044,0.30056179775278147,17.0,2024-10-17 15:28:00+02:00,1.08112,38.09999999999869,40.0,62.99999999999972,2024-10-17 12:15:00+02:00,ECB Interest Rate Decision,EU,1.0,63.264516,,,
318,2024-10-24 09:23:00+02:00,1.07704,UP,6,DOUBLE_WAVE_UP,2024-10-24 09:33:00+02:00,1.07979,27.500000000000302,10.0,2024-10-24 09:36:00+02:00,1.07872,10.700000000001264,0.3890909090909508,3.0,2024-10-24 10:03:00+02:00,1.0805,17.80000000000115,27.0,34.600000000000186,2024-10-24 07:15:00+02:00,HCOB Services PMI Flash,FR,2.0,,,,
321,2024-10-30 14:00:00+01:00,1.0808,UP,15,SINGLE_WAVE_FORT_UP,,,,,,,,,,,,,,50.00000000000115,2024-10-30 12:30:00+01:00,GDP Growth Rate QoQ Adv,US,1.0,37.428882,2024-10-30 15:49:00+01:00,1.0858,109.0
325,2024-11-06 04:02:00+01:00,1.07464,UP,0,SINGLE_WAVE_FORT_UP,,,,,,,,,,,,,,45.59999999999897,,,,,,2024-11-06 06:02:00+01:00,1.0792,120.0
327,2024-11-06 15:30:00+01:00,1.06826,UP,3,DOUBLE_WAVE_UP,2024-11-06 15:48:00+01:00,1.07124,29.799999999999827,18.0,2024-11-06 15:54:00+01:00,1.06983,14.099999999999113,0.4731543624160804,6.0,2024-11-06 16:08:00+01:00,1.07376,39.29999999999989,14.0,55.000000000000604,2024-11-06 14:00:00+01:00,ECB President Lagarde Speech,EU,2.0,20.40659,,,
331,2024-11-13 15:22:00+01:00,1.06297,DOWN,3,DOUBLE_WAVE_DOWN,2024-11-13 15:33:00+01:00,1.06059,23.800000000000487,11.0,2024-11-13 15:44:00+01:00,1.06156,9.700000000001374,0.40756302521013343,11.0,2024-11-13 16:08:00+01:00,1.05558,59.80000000000096,24.0,73.90000000000008,2024-11-13 13:55:00+01:00,Redbook YoY,US,3.0,20.874286,,,
335,2024-11-19 09:22:00+01:00,1.05881,DOWN,1,DOUBLE_WAVE_DOWN,2024-11-19 09:40:00+01:00,1.05627,25.399999999999867,18.0,2024-11-19 09:46:00+01:00,1.0577,14.300000000000423,0.5629921259842716,6.0,2024-11-19 10:22:00+01:00,1.05234,53.600000000000314,36.0,64.69999999999976,2024-11-19 08:45:00+01:00,ECB Elderson Speech,EU,3.0,22.466081,,,
337,2024-11-20 15:30:00+01:00,1.0568,DOWN,0,DOUBLE_WAVE_DOWN,2024-11-20 15:38:00+01:00,1.0533,35.00000000000058,8.0,2024-11-20 15:43:00+01:00,1.05441,11.100000000001664,0.3171428571428994,5.0,2024-11-20 15:56:00+01:00,1.05226,21.500000000000963,13.0,45.399999999999885,,,,,,,,
338,2024-11-22 09:11:00+01:00,1.04981,DOWN,8,DOUBLE_WAVE_DOWN,2024-11-22 09:15:00+01:00,1.04665,31.599999999998296,4.0,2024-11-22 09:31:00+01:00,1.04862,19.700000000000273,0.6234177215190296,16.0,2024-11-22 10:11:00+01:00,1.03728,113.40000000000128,40.0,125.2999999999993,2024-11-22 08:15:00+01:00,HCOB Composite PMI Flash,FR,2.0,,,,
339,2024-11-22 10:11:00+01:00,1.03319,UP,6,SINGLE_WAVE_FORT_UP,,,,,,,,,,,,,,105.59999999999903,2024-11-22 09:00:00+01:00,HCOB Composite PMI Flash,EU,2.0,19.910312,2024-11-22 11:57:00+01:00,1.04375,106.0
340,2024-11-22 11:54:00+01:00,1.04375,DOWN,2,DOUBLE_WAVE_DOWN,2024-11-22 12:04:00+01:00,1.0416,21.499999999998742,10.0,2024-11-22 12:13:00+01:00,1.04264,10.399999999999299,0.4837209302325538,9.0,2024-11-22 12:51:00+01:00,1.04082,18.199999999999328,38.0,29.29999999999877,2024-11-22 11:00:00+01:00,CBI Industrial Trends Orders,UK,2.0,,,,
343,2024-11-25 07:39:00+01:00,1.04897,DOWN,0,SINGLE_WAVE_FORT_DOWN,,,,,,,,,,,,,,40.70000000000018,,,,,,2024-11-25 09:26:00+01:00,1.0449,107.0
344,2024-11-25 09:23:00+01:00,1.0449,UP,2,SINGLE_WAVE_FORT_UP,,,,,,,,,,,,,,48.200000000000465,2024-11-25 08:00:00+01:00,PPI YoY,ES,3.0,,2024-11-25 10:55:00+01:00,1.04972,92.0
345,2024-11-25 13:25:00+01:00,1.0474,UP,0,SINGLE_WAVE_FORT_UP,,,,,,,,,,,,,,56.39999999999867,,,,,,2024-11-25 14:56:00+01:00,1.05304,91.0
346,2024-11-25 15:30:00+01:00,1.05304,DOWN,3,SINGLE_WAVE_FORT_DOWN,,,,,,,,,,,,,,49.600000000000755,2024-11-25 14:00:00+01:00,12-Month BTF Auction,FR,3.0,,2024-11-25 17:28:00+01:00,1.04808,118.0
354,2024-12-02 07:58:00+01:00,1.05373,DOWN,2,DOUBLE_WAVE_DOWN,2024-12-02 08:17:00+01:00,1.0507,30.300000000000882,19.0,2024-12-02 08:22:00+01:00,1.05232,16.199999999999548,0.5346534653465042,5.0,2024-12-02 09:01:00+01:00,1.04988,24.399999999999977,39.0,38.50000000000131,2024-12-02 07:00:00+01:00,Nationwide Housing Prices YoY,UK,2.0,,,,
359,2024-12-04 14:30:00+01:00,1.05124,DOWN,4,DOUBLE_WAVE_DOWN,2024-12-04 14:34:00+01:00,1.04855,26.89999999999859,4.0,2024-12-04 14:41:00+01:00,1.04941,8.599999999998609,0.3197026022304483,7.0,2024-12-04 15:09:00+01:00,1.04723,21.799999999998487,28.0,40.099999999998474,2024-12-04 13:00:00+01:00,New Car Registrations YoY,DE,3.0,17.234545,,,
365,2024-12-13 14:08:00+01:00,1.05243,DOWN,5,SINGLE_WAVE_FORT_DOWN,,,,,,,,,,,,,,41.29999999999967,2024-12-13 13:00:00+01:00,NIESR Monthly GDP Tracker,UK,3.0,,2024-12-13 16:02:00+01:00,1.0483,114.0
372,2025-01-02 17:01:00+01:00,1.02241,UP,12,DOUBLE_WAVE_UP,2025-01-02 17:18:00+01:00,1.02626,38.49999999999909,17.0,2025-01-02 17:33:00+01:00,1.02453,17.300000000000093,0.4493506493506624,15.0,2025-01-02 18:10:00+01:00,1.02682,22.900000000001253,37.0,44.10000000000025,2025-01-02 16:00:00+01:00,EIA Crude Oil Stocks Change,US,2.0,23.055419,,,
378,2025-01-10 15:41:00+01:00,1.02728,DOWN,5,SINGLE_WAVE_FORT_DOWN,,,,,,,,,,,,,,45.2000000000008,2025-01-10 15:00:00+01:00,Michigan 5 Year Inflation Expectations Prel,US,3.0,30.241489,2025-01-10 17:40:00+01:00,1.02276,119.0
380,2025-01-14 15:00:00+01:00,1.02422,UP,8,SINGLE_WAVE_FORT_UP,,,,,,,,,,,,,,53.600000000000314,2025-01-14 13:30:00+01:00,PPI MoM,US,1.0,32.183542,2025-01-14 16:59:00+01:00,1.02958,119.0
381,2025-01-15 17:30:00+01:00,1.02583,UP,4,DOUBLE_WAVE_UP,2025-01-15 17:48:00+01:00,1.02826,24.299999999999322,18.0,2025-01-15 17:51:00+01:00,1.02746,7.999999999999119,0.3292181069958577,3.0,2025-01-15 18:13:00+01:00,1.02921,17.499999999999183,22.0,33.799999999999386,2025-01-15 16:00:00+01:00,Fed Williams Speech,US,2.0,20.91,,,
384,2025-01-17 16:08:00+01:00,1.03308,DOWN,0,DOUBLE_WAVE_DOWN,2025-01-17 16:21:00+01:00,1.03092,21.599999999999397,13.0,2025-01-17 16:27:00+01:00,1.03162,6.999999999999229,0.3240740740740474,6.0,2025-01-17 17:06:00+01:00,1.02863,29.90000000000048,39.0,44.500000000000654,,,,,,,,
388,2025-01-21 01:54:00+01:00,1.03522,UP,0,DOUBLE_WAVE_UP,2025-01-21 02:11:00+01:00,1.03809,28.69999999999928,17.0,2025-01-21 02:13:00+01:00,1.03692,11.699999999998933,0.4076655052264539,2.0,2025-01-21 02:27:00+01:00,1.0398,28.799999999999937,14.0,45.80000000000028,,,,,,,,
392,2025-01-24 08:35:00+01:00,1.04474,UP,1,SINGLE_WAVE_FORT_UP,,,,,,,,,,,,,,67.80000000000008,2025-01-24 08:00:00+01:00,PPI YoY,ES,3.0,,2025-01-24 10:24:00+01:00,1.05152,109.0
393,2025-01-24 14:45:00+01:00,1.04637,UP,1,SINGLE_WAVE_FORT_UP,,,,,,,,,,,,,,48.200000000000465,2025-01-24 13:30:00+01:00,Chicago Fed National Activity Index,US,2.0,19.431522,2025-01-24 16:41:00+01:00,1.05119,116.0
396,2025-01-30 21:32:00+01:00,1.04324,DOWN,0,DOUBLE_WAVE_DOWN,2025-01-30 21:44:00+01:00,1.03862,46.19999999999847,12.0,2025-01-30 22:03:00+01:00,1.04144,28.199999999998226,0.6103896103895923,19.0,2025-01-30 22:10:00+01:00,1.03873,27.099999999999902,7.0,45.100000000000136,,,,,,,,
401,2025-02-03 16:40:00+01:00,1.0336,DOWN,0,DOUBLE_WAVE_DOWN,2025-02-03 16:49:00+01:00,1.03084,27.600000000000957,9.0,2025-02-03 16:53:00+01:00,1.03258,17.400000000000748,0.6304347826087009,4.0,2025-02-03 17:03:00+01:00,1.02949,30.90000000000037,10.0,41.10000000000058,,,,,,,,
402,2025-02-04 04:07:00+01:00,1.03241,DOWN,0,SINGLE_WAVE_FORT_DOWN,,,,,,,,,,,,,,46.30000000000134,,,,,,2025-02-04 06:07:00+01:00,1.02778,120.0
403,2025-02-04 07:28:00+01:00,1.02923,UP,0,SINGLE_WAVE_FORT_UP,,,,,,,,,,,,,,41.29999999999967,,,,,,2025-02-04 09:22:00+01:00,1.03336,114.0
407,2025-02-07 15:54:00+01:00,1.0389,DOWN,7,SINGLE_WAVE_FORT_DOWN,,,,,,,,,,,,,,65.69999999999965,2025-02-07 14:25:00+01:00,Fed Bowman Speech,US,2.0,20.91942,2025-02-07 17:53:00+01:00,1.03233,119.0
410,2025-02-13 11:17:00+01:00,1.04291,DOWN,6,SINGLE_WAVE_FORT_DOWN,,,,,,,,,,,,,,43.29999999999945,2025-02-13 10:00:00+01:00,Industrial Production MoM,EU,2.0,15.404348,2025-02-13 13:16:00+01:00,1.03858,119.0
411,2025-02-13 15:30:00+01:00,1.03752,UP,0,SINGLE_WAVE_FORT_UP,,,,,,,,,,,,,,70.20000000000026,,,,,,2025-02-13 17:25:00+01:00,1.04454,115.0
417,2025-02-26 18:27:00+01:00,1.0529,DOWN,1,DOUBLE_WAVE_DOWN,2025-02-26 18:36:00+01:00,1.04896,39.400000000000546,9.0,2025-02-26 18:42:00+01:00,1.05076,18.000000000000238,0.4568527918781723,6.0,2025-02-26 18:52:00+01:00,1.04832,24.399999999999977,10.0,45.80000000000028,2025-02-26 17:00:00+01:00,Fed Bostic Speech,US,2.0,16.677222,,,
418,2025-02-27 15:00:00+01:00,1.04842,DOWN,13,SINGLE_WAVE_FORT_DOWN,,,,,,,,,,,,,,74.599999999998,2025-02-27 13:30:00+01:00,Durable Goods Orders ex Defense MoM,US,3.0,26.851064,2025-02-27 16:56:00+01:00,1.04096,116.0
419,2025-02-28 18:14:00+01:00,1.04102,DOWN,1,SINGLE_WAVE_FORT_DOWN,,,,,,,,,,,,,,50.200000000000244,2025-02-28 17:30:00+01:00,New Car Registrations YoY,IT,3.0,,2025-02-28 20:03:00+01:00,1.036,109.0
422,2025-03-04 16:17:00+01:00,1.04964,UP,2,SINGLE_WAVE_FORT_UP,,,,,,,,,,,,,,44.500000000000654,2025-03-04 15:00:00+01:00,RCM/TIPP Economic Optimism Index,US,3.0,21.681667,2025-03-04 18:03:00+01:00,1.05409,106.0
423,2025-03-04 18:38:00+01:00,1.05306,UP,0,SINGLE_WAVE_FORT_UP,,,,,,,,,,,,,,68.99999999999906,,,,,,2025-03-04 20:09:00+01:00,1.05996,91.0
431,2025-03-07 15:35:00+01:00,1.08821,DOWN,1,DOUBLE_WAVE_DOWN,2025-03-07 15:48:00+01:00,1.08531,28.999999999999027,13.0,2025-03-07 15:51:00+01:00,1.08662,13.099999999999223,0.45172413793102284,3.0,2025-03-07 16:08:00+01:00,1.08451,21.099999999998342,17.0,36.999999999998145,2025-03-07 15:00:00+01:00,BoE L Mann Speech,UK,3.0,,,,
433,2025-03-07 17:59:00+01:00,1.08643,DOWN,1,DOUBLE_WAVE_DOWN,2025-03-07 18:18:00+01:00,1.08384,25.900000000000922,19.0,2025-03-07 18:27:00+01:00,1.0851,12.600000000000389,0.4864864864864842,9.0,2025-03-07 18:50:00+01:00,1.0832,19.000000000000128,23.0,32.300000000000665,2025-03-07 17:20:00+01:00,Fed Kugler Speech,US,2.0,22.330952,,,
434,2025-03-10 09:51:00+01:00,1.0805,UP,2,SINGLE_WAVE_FORT_UP,,,,,,,,,,,,,,69.6999999999992,2025-03-10 09:00:00+01:00,PPI YoY,IT,3.0,,2025-03-10 11:27:00+01:00,1.08747,96.0
435,2025-03-11 07:54:00+01:00,1.08544,UP,0,SINGLE_WAVE_FORT_UP,,,,,,,,,,,,,,63.80000000000052,,,,,,2025-03-11 09:54:00+01:00,1.09182,120.0
438,2025-03-12 14:53:00+01:00,1.08757,UP,1,SINGLE_WAVE_FORT_UP,,,,,,,,,,,,,,47.70000000000163,2025-03-12 13:45:00+01:00,ECB Nagel Speech,EU,2.0,10.333333,2025-03-12 16:35:00+01:00,1.09234,102.0
439,2025-03-14 09:49:00+01:00,1.08466,UP,2,SINGLE_WAVE_FORT_UP,,,,,,,,,,,,,,62.40000000000023,2025-03-14 09:00:00+01:00,Industrial Production MoM,IT,2.0,,2025-03-14 11:46:00+01:00,1.0909,117.0
440,2025-03-18 07:29:00+01:00,1.09036,UP,0,SINGLE_WAVE_FORT_UP,,,,,,,,,,,,,,51.20000000000013,,,,,,2025-03-18 09:16:00+01:00,1.09548,107.0
448,2025-03-27 14:52:00+01:00,1.07766,UP,2,SINGLE_WAVE_FORT_UP,,,,,,,,,,,,,,44.599999999999085,2025-03-27 14:00:00+01:00,Pending Home Sales MoM,US,2.0,26.305106,2025-03-27 16:41:00+01:00,1.08212,109.0
449,2025-03-28 14:00:00+01:00,1.07656,UP,6,DOUBLE_WAVE_UP,2025-03-28 14:08:00+01:00,1.08044,38.800000000001056,8.0,2025-03-28 14:13:00+01:00,1.07878,16.599999999999948,0.4278350515463788,5.0,2025-03-28 14:53:00+01:00,1.0817,29.200000000000337,40.0,51.40000000000144,2025-03-28 12:30:00+01:00,Personal Income MoM,US,1.0,32.599,,,
452,2025-04-02 16:24:00+02:00,1.0819,UP,13,DOUBLE_WAVE_UP,2025-04-02 16:43:00+02:00,1.08396,20.599999999999508,19.0,2025-04-02 16:44:00+02:00,1.08328,6.800000000000139,0.33009708737865545,1.0,2025-04-02 17:08:00+02:00,1.08621,29.29999999999877,24.0,43.09999999999814,2025-04-02 14:00:00+02:00,Factory Orders ex Transportation,US,3.0,34.910625,,,
454,2025-04-02 22:14:00+02:00,1.09244,DOWN,2,DOUBLE_WAVE_DOWN,2025-04-02 22:19:00+02:00,1.08778,46.60000000000109,5.0,2025-04-02 22:22:00+02:00,1.0915,37.199999999999456,0.7982832618025448,3.0,2025-04-02 22:44:00+02:00,1.08107,104.29999999999939,22.0,113.70000000000103,2025-04-02 20:00:00+02:00,Reciprocal Tariff Plan Announcement,US,1.0,,,,
455,2025-04-03 09:22:00+02:00,1.09428,UP,7,DOUBLE_WAVE_UP,2025-04-03 09:41:00+02:00,1.09686,25.800000000000267,19.0,2025-04-03 09:48:00+02:00,1.096,8.599999999998609,0.33333333333327597,7.0,2025-04-03 10:28:00+02:00,1.09953,35.29999999999811,40.0,52.49999999999977,2025-04-03 07:15:00+02:00,HCOB Composite PMI,ES,3.0,,,,
456,2025-04-03 16:44:00+02:00,1.11277,DOWN,1,SINGLE_WAVE_FORT_DOWN,,,,,,,,,,,,,,94.89999999999998,2025-04-03 14:30:00+02:00,EIA Natural Gas Stocks Change,US,3.0,22.6025,2025-04-03 18:38:00+02:00,1.10328,114.0
458,2025-04-04 07:24:00+02:00,1.11078,DOWN,0,SINGLE_WAVE_FORT_DOWN,,,,,,,,,,,,,,57.800000000001184,,,,,,2025-04-04 08:59:00+02:00,1.105,95.0
459,2025-04-04 11:10:00+02:00,1.09728,UP,2,SINGLE_WAVE_FORT_UP,,,,,,,,,,,,,,79.00000000000018,2025-04-04 08:50:00+02:00,New Car Registrations YoY,DE,3.0,17.234545,2025-04-04 13:10:00+02:00,1.10518,120.0
460,2025-04-04 13:40:00+02:00,1.108,DOWN,0,DOUBLE_WAVE_DOWN,2025-04-04 14:00:00+02:00,1.10514,28.600000000000847,20.0,2025-04-04 14:20:00+02:00,1.1074,22.599999999999287,0.7902097902097419,20.0,2025-04-04 14:58:00+02:00,1.10076,66.39999999999979,38.0,72.40000000000136,,,,,,,,
461,2025-04-04 16:48:00+02:00,1.09602,UP,0,DOUBLE_WAVE_UP,2025-04-04 17:02:00+02:00,1.10044,44.200000000000905,14.0,2025-04-04 17:09:00+02:00,1.09802,24.200000000000887,0.5475113122172034,7.0,2025-04-04 17:49:00+02:00,1.1007,26.800000000000157,40.0,46.800000000000175,,,,,,,,
464,2025-04-07 09:10:00+02:00,1.10502,DOWN,2,DOUBLE_WAVE_DOWN,2025-04-07 09:20:00+02:00,1.10258,24.399999999999977,10.0,2025-04-07 09:26:00+02:00,1.1036,10.200000000000209,0.41803278688525486,6.0,2025-04-07 09:57:00+02:00,1.09979,38.09999999999869,31.0,52.29999999999846,2025-04-07 06:45:00+02:00,Current Account,FR,3.0,,,,
467,2025-04-07 18:42:00+02:00,1.09066,UP,0,DOUBLE_WAVE_UP,2025-04-07 19:00:00+02:00,1.09394,32.7999999999995,18.0,2025-04-07 19:03:00+02:00,1.09296,9.799999999999809,0.29878048780487676,3.0,2025-04-07 19:25:00+02:00,1.09493,19.700000000000273,22.0,42.69999999999996,,,,,,,,
471,2025-04-08 15:27:00+02:00,1.09558,DOWN,0,DOUBLE_WAVE_DOWN,2025-04-08 15:42:00+02:00,1.0927,28.799999999999937,15.0,2025-04-08 15:55:00+02:00,1.09434,16.40000000000086,0.5694444444444755,13.0,2025-04-08 16:35:00+02:00,1.08883,55.10000000000126,40.0,67.50000000000034,,,,,,,,
473,2025-04-09 05:53:00+02:00,1.10128,UP,0,DOUBLE_WAVE_UP,2025-04-09 06:08:00+02:00,1.10401,27.29999999999899,15.0,2025-04-09 06:10:00+02:00,1.10302,9.900000000000464,0.36263736263739305,2.0,2025-04-09 06:33:00+02:00,1.10658,35.60000000000008,23.0,52.99999999999861,,,,,,,,
474,2025-04-09 06:56:00+02:00,1.1069,DOWN,0,DOUBLE_WAVE_DOWN,2025-04-09 07:09:00+02:00,1.10464,22.599999999999287,13.0,2025-04-09 07:11:00+02:00,1.10536,7.199999999998319,0.31858407079639584,2.0,2025-04-09 07:38:00+02:00,1.1029,24.599999999999067,27.0,40.000000000000036,,,,,,,,
475,2025-04-09 11:00:00+02:00,1.10094,UP,1,DOUBLE_WAVE_UP,2025-04-09 11:15:00+02:00,1.10347,25.299999999999212,15.0,2025-04-09 11:32:00+02:00,1.10202,14.499999999999513,0.5731225296442674,17.0,2025-04-09 12:10:00+02:00,1.1058,37.799999999998946,38.0,48.599999999998644,2025-04-09 09:00:00+02:00,5-Year Treasury Gilt Auction,UK,3.0,,,,
476,2025-04-09 14:35:00+02:00,1.10952,DOWN,1,DOUBLE_WAVE_DOWN,2025-04-09 14:50:00+02:00,1.10598,35.400000000000986,15.0,2025-04-09 15:03:00+02:00,1.10808,20.999999999999908,0.5932203389830317,13.0,2025-04-09 15:43:00+02:00,1.10497,31.09999999999946,40.0,45.50000000000054,2025-04-09 12:30:00+02:00,ECB Cipollone Speech,EU,3.0,17.632982,,,
478,2025-04-09 20:41:00+02:00,1.0983,DOWN,0,DOUBLE_WAVE_DOWN,2025-04-09 20:53:00+02:00,1.09484,34.600000000000186,12.0,2025-04-09 21:12:00+02:00,1.09768,28.399999999999537,0.8208092485548955,19.0,2025-04-09 21:40:00+02:00,1.09326,44.200000000000905,28.0,50.400000000001555,,,,,,,,
480,2025-04-10 08:52:00+02:00,1.09627,UP,0,DOUBLE_WAVE_UP,2025-04-10 09:01:00+02:00,1.09889,26.199999999998447,9.0,2025-04-10 09:05:00+02:00,1.09672,21.700000000000053,0.8282442748092114,4.0,2025-04-10 09:44:00+02:00,1.1018,50.799999999999734,39.0,55.29999999999813,,,,,,,,
481,2025-04-10 14:57:00+02:00,1.1091,UP,9,SINGLE_WAVE_FORT_UP,,,,,,,,,,,,,,91.49999999999991,2025-04-10 12:30:00+02:00,Continuing Jobless Claims,US,3.0,34.570335,2025-04-10 16:57:00+02:00,1.11825,120.0
482,2025-04-11 05:50:00+02:00,1.13545,DOWN,0,SINGLE_WAVE_FORT_DOWN,,,,,,,,,,,,,,83.5000000000008,,,,,,2025-04-11 07:43:00+02:00,1.1271,113.0
483,2025-04-11 08:38:00+02:00,1.12464,UP,5,SINGLE_WAVE_FORT_UP,,,,,,,,,,,,,,178.19999999999948,2025-04-11 07:00:00+02:00,Inflation Rate MoM Final,ES,3.0,,2025-04-11 10:37:00+02:00,1.14246,119.0
485,2025-04-11 14:00:00+02:00,1.13242,UP,8,DOUBLE_WAVE_UP,2025-04-11 14:18:00+02:00,1.1371,46.800000000000175,18.0,2025-04-11 14:36:00+02:00,1.1339,32.00000000000092,0.6837606837607008,18.0,2025-04-11 15:11:00+02:00,1.14122,73.19999999999993,35.0,87.99999999999919,2025-04-11 12:00:00+02:00,Fed Kashkari Speech,US,2.0,18.472895,,,
486,2025-04-11 15:18:00+02:00,1.14123,DOWN,1,DOUBLE_WAVE_DOWN,2025-04-11 15:26:00+02:00,1.139,22.299999999999542,8.0,2025-04-11 15:33:00+02:00,1.14064,16.40000000000086,0.7354260089686634,7.0,2025-04-11 15:49:00+02:00,1.1324,82.40000000000025,16.0,88.29999999999893,2025-04-11 13:00:00+02:00,Fed Collins Speech,US,2.0,27.719545,,,
487,2025-04-11 18:23:00+02:00,1.12766,UP,0,DOUBLE_WAVE_UP,2025-04-11 18:42:00+02:00,1.12972,20.599999999999508,19.0,2025-04-11 18:44:00+02:00,1.12918,5.399999999999849,0.262135922330096,2.0,2025-04-11 19:16:00+02:00,1.13175,25.699999999999612,32.0,40.89999999999927,,,,,,,,
489,2025-04-14 15:07:00+02:00,1.1296,UP,3,SINGLE_WAVE_FORT_UP,,,,,,,,,,,,,,81.20000000000127,2025-04-14 13:00:00+02:00,6-Month BTF Auction,FR,3.0,,2025-04-14 17:05:00+02:00,1.13772,118.0
490,2025-04-14 19:48:00+02:00,1.13285,UP,0,SINGLE_WAVE_FORT_UP,,,,,,,,,,,,,,41.400000000000325,,,,,,2025-04-14 21:41:00+02:00,1.13699,113.0
493,2025-04-15 09:00:00+02:00,1.13208,UP,4,DOUBLE_WAVE_UP,2025-04-15 09:16:00+02:00,1.1345,24.200000000000887,16.0,2025-04-15 09:32:00+02:00,1.13279,17.100000000001003,0.7066115702479494,16.0,2025-04-15 10:05:00+02:00,1.13792,51.30000000000079,33.0,58.400000000000674,2025-04-15 06:45:00+02:00,Inflation Rate MoM Final,FR,3.0,,,,
494,2025-04-15 10:02:00+02:00,1.13792,DOWN,2,DOUBLE_WAVE_DOWN,2025-04-15 10:16:00+02:00,1.1355,24.200000000000887,14.0,2025-04-15 10:19:00+02:00,1.13658,10.799999999999699,0.4462809917355084,3.0,2025-04-15 10:52:00+02:00,1.13436,22.199999999998887,33.0,35.60000000000008,2025-04-15 08:00:00+02:00,ECB Bank Lending Survey,EU,3.0,13.15,,,
496,2025-04-15 16:53:00+02:00,1.13296,DOWN,0,SINGLE_WAVE_FORT_DOWN,,,,,,,,,,,,,,65.599999999999,,,,,,2025-04-15 18:43:00+02:00,1.1264,110.0
497,2025-04-16 14:51:00+02:00,1.13404,UP,10,DOUBLE_WAVE_UP,2025-04-16 15:11:00+02:00,1.13672,26.800000000000157,20.0,2025-04-16 15:17:00+02:00,1.13584,8.799999999999919,0.32835820895521894,6.0,2025-04-16 15:21:00+02:00,1.1374,15.600000000000058,4.0,33.60000000000029,2025-04-16 12:30:00+02:00,Retail Sales Ex Autos MoM,US,2.0,37.806458,,,
498,2025-04-16 19:28:00+02:00,1.13592,UP,2,SINGLE_WAVE_FORT_UP,,,,,,,,,,,,,,53.7999999999994,2025-04-16 17:00:00+02:00,20-Year Bond Auction,US,3.0,12.984444,2025-04-16 21:28:00+02:00,1.1413,120.0
502,2025-04-21 11:09:00+02:00,1.15734,DOWN,0,SINGLE_WAVE_FORT_DOWN,,,,,,,,,,,,,,58.400000000000674,,,,,,2025-04-21 13:09:00+02:00,1.1515,120.0
507,2025-04-23 01:51:00+02:00,1.13434,UP,0,DOUBLE_WAVE_UP,2025-04-23 02:05:00+02:00,1.1369,25.600000000001177,14.0,2025-04-23 02:07:00+02:00,1.136,9.00000000000123,0.35156250000003186,2.0,2025-04-23 02:40:00+02:00,1.13856,25.600000000001177,33.0,42.200000000001125,,,,,,,,
511,2025-04-25 00:43:00+02:00,1.13901,DOWN,2,SINGLE_WAVE_FORT_DOWN,,,,,,,,,,,,,,40.99999999999993,2025-04-24 23:01:00+02:00,Car Production YoY,UK,3.0,,2025-04-25 02:40:00+02:00,1.13491,117.0
516,2025-05-02 14:28:00+02:00,1.13043,UP,10,DOUBLE_WAVE_UP,2025-05-02 14:42:00+02:00,1.13395,35.199999999999676,14.0,2025-05-02 14:58:00+02:00,1.1314,25.500000000000522,0.7244318181818397,16.0,2025-05-02 15:38:00+02:00,1.13644,50.39999999999934,40.0,60.09999999999849,2025-05-02 12:30:00+02:00,Average Hourly Earnings MoM,US,2.0,64.612083,,,
517,2025-05-02 15:58:00+02:00,1.13811,DOWN,4,DOUBLE_WAVE_DOWN,2025-05-02 16:18:00+02:00,1.13589,22.199999999998887,20.0,2025-05-02 16:38:00+02:00,1.13736,14.699999999998603,0.6621621621621324,20.0,2025-05-02 17:18:00+02:00,1.13526,20.999999999999908,40.0,28.500000000000192,2025-05-02 13:30:00+02:00,Total Vehicle Sales,US,3.0,23.446582,,,
522,2025-05-12 08:28:00+02:00,1.12359,DOWN,0,SINGLE_WAVE_FORT_DOWN,,,,,,,,,,,,,,153.6000000000004,,,,,,2025-05-12 10:14:00+02:00,1.10823,106.0
524,2025-05-12 16:35:00+02:00,1.11344,DOWN,4,DOUBLE_WAVE_DOWN,2025-05-12 16:54:00+02:00,1.11074,26.999999999999247,19.0,2025-05-12 17:09:00+02:00,1.1124,16.599999999999948,0.61481481481483,15.0,2025-05-12 17:48:00+02:00,1.11042,19.800000000000928,39.0,30.200000000000227,2025-05-12 14:25:00+02:00,Fed Kugler Speech,US,2.0,22.330952,,,
525,2025-05-14 09:11:00+02:00,1.11814,UP,6,SINGLE_WAVE_FORT_UP,,,,,,,,,,,,,,70.80000000000197,2025-05-14 07:00:00+02:00,Inflation Rate YoY Final,ES,3.0,,2025-05-14 10:26:00+02:00,1.12522,75.0
526,2025-05-14 11:46:00+02:00,1.1266,DOWN,1,SINGLE_WAVE_FORT_DOWN,,,,,,,,,,,,,,50.799999999999734,2025-05-14 09:30:00+02:00,30-Year Bund Auction,DE,3.0,14.861026,2025-05-14 13:22:00+02:00,1.12152,96.0
529,2025-05-16 15:50:00+02:00,1.1206,DOWN,5,DOUBLE_WAVE_DOWN,2025-05-16 16:03:00+02:00,1.1183,22.999999999999687,13.0,2025-05-16 16:08:00+02:00,1.11949,11.900000000000244,0.5173913043478438,5.0,2025-05-16 16:46:00+02:00,1.11544,40.500000000001094,38.0,51.600000000000534,2025-05-16 14:00:00+02:00,Michigan Current Conditions Prel,US,3.0,30.241489,,,
533,2025-05-21 12:27:00+02:00,1.13622,DOWN,1,SINGLE_WAVE_FORT_DOWN,,,,,,,,,,,,,,43.5999999999992,2025-05-21 10:00:00+02:00,CBI Industrial Trends Orders,UK,2.0,,2025-05-21 14:06:00+02:00,1.13186,99.0
534,2025-05-21 19:24:00+02:00,1.13629,DOWN,1,DOUBLE_WAVE_DOWN,2025-05-21 19:39:00+02:00,1.13407,22.200000000001108,15.0,2025-05-21 19:59:00+02:00,1.1349,8.300000000001084,0.3738738738739041,20.0,2025-05-21 20:26:00+02:00,1.13338,15.199999999999658,27.0,29.09999999999968,2025-05-21 17:00:00+02:00,20-Year Bond Auction,US,3.0,12.984444,,,
542,2025-05-27 15:37:00+02:00,1.13756,DOWN,1,DOUBLE_WAVE_DOWN,2025-05-27 15:54:00+02:00,1.13555,20.099999999998452,17.0,2025-05-27 15:55:00+02:00,1.13607,5.199999999998539,0.2587064676616388,1.0,2025-05-27 16:35:00+02:00,1.134,20.700000000000163,40.0,35.60000000000008,2025-05-27 14:00:00+02:00,CB Consumer Confidence,US,2.0,25.042553,,,
543,2025-05-28 16:10:00+02:00,1.1325,DOWN,5,SINGLE_WAVE_FORT_DOWN,,,,,,,,,,,,,,41.10000000000058,2025-05-28 14:00:00+02:00,Richmond Fed Manufacturing Index,US,3.0,23.207021,2025-05-28 17:57:00+02:00,1.12839,107.0
545,2025-05-29 07:47:00+02:00,1.1231,UP,0,SINGLE_WAVE_FORT_UP,,,,,,,,,,,,,,51.70000000000119,,,,,,2025-05-29 09:02:00+02:00,1.12827,75.0
551,2025-06-04 14:00:00+02:00,1.1377,UP,2,DOUBLE_WAVE_UP,2025-06-04 14:16:00+02:00,1.14038,26.800000000000157,16.0,2025-06-04 14:18:00+02:00,1.1393,10.799999999999699,0.40298507462685207,2.0,2025-06-04 14:57:00+02:00,1.14104,17.400000000000748,39.0,33.40000000000121,2025-06-04 12:15:00+02:00,ADP Employment Change,US,2.0,27.513333,,,
553,2025-06-05 16:32:00+02:00,1.14809,DOWN,1,DOUBLE_WAVE_DOWN,2025-06-05 16:50:00+02:00,1.14559,24.999999999999467,18.0,2025-06-05 16:52:00+02:00,1.14639,7.999999999999119,0.3199999999999716,2.0,2025-06-05 17:06:00+02:00,1.1443,20.899999999999253,14.0,37.8999999999996,2025-06-05 14:30:00+02:00,EIA Natural Gas Stocks Change,US,3.0,22.6025,,,
559,2025-06-11 14:33:00+02:00,1.14895,DOWN,6,DOUBLE_WAVE_DOWN,2025-06-11 14:43:00+02:00,1.14662,23.299999999999432,10.0,2025-06-11 14:47:00+02:00,1.14744,8.20000000000043,0.35193133047213,4.0,2025-06-11 15:05:00+02:00,1.1453,21.400000000000308,18.0,36.49999999999931,2025-06-11 12:30:00+02:00,Core Inflation Rate MoM,US,1.0,61.936458,,,
560,2025-06-12 09:40:00+02:00,1.15058,UP,0,SINGLE_WAVE_FORT_UP,,,,,,,,,,,,,,59.80000000000096,,,,,,2025-06-12 11:24:00+02:00,1.15656,104.0
562,2025-06-13 02:02:00+02:00,1.16146,DOWN,0,DOUBLE_WAVE_DOWN,2025-06-13 02:15:00+02:00,1.1561,53.600000000000314,13.0,2025-06-13 02:19:00+02:00,1.15888,27.800000000000047,0.5186567164179083,4.0,2025-06-13 02:43:00+02:00,1.15396,49.199999999998134,24.0,74.99999999999841,,,,,,,,
565,2025-06-17 14:27:00+02:00,1.15809,DOWN,10,DOUBLE_WAVE_DOWN,2025-06-17 14:36:00+02:00,1.15604,20.500000000001073,9.0,2025-06-17 14:38:00+02:00,1.15659,5.5000000000005045,0.26829268292683983,2.0,2025-06-17 14:58:00+02:00,1.15478,18.100000000000893,20.0,33.10000000000146,2025-06-17 12:30:00+02:00,Retail Sales Ex Gas/Autos MoM,US,3.0,37.806458,,,
566,2025-06-18 15:57:00+02:00,1.14843,UP,0,SINGLE_WAVE_FORT_UP,,,,,,,,,,,,,,45.89999999999872,,,,,,2025-06-18 17:30:00+02:00,1.15302,93.0
569,2025-06-23 18:34:00+02:00,1.1518,UP,0,DOUBLE_WAVE_UP,2025-06-23 18:46:00+02:00,1.15576,39.59999999999964,12.0,2025-06-23 19:01:00+02:00,1.15406,16.999999999998128,0.4292929292928859,15.0,2025-06-23 19:40:00+02:00,1.15689,28.29999999999888,39.0,50.90000000000039,,,,,,,,
573,2025-06-26 08:13:00+02:00,1.16717,UP,1,SINGLE_WAVE_FORT_UP,,,,,,,,,,,,,,58.499999999999105,2025-06-26 06:00:00+02:00,GfK Consumer Confidence,DE,1.0,17.787708,2025-06-26 10:13:00+02:00,1.17302,120.0
575,2025-06-27 07:12:00+02:00,1.16848,UP,0,SINGLE_WAVE_FORT_UP,,,,,,,,,,,,,,42.200000000001125,,,,,,2025-06-27 09:12:00+02:00,1.1727,120.0
576,2025-06-27 18:10:00+02:00,1.17327,DOWN,1,SINGLE_WAVE_FORT_DOWN,,,,,,,,,,,,,,42.40000000000022,2025-06-27 16:00:00+02:00,ECB Cipollone Speech,EU,3.0,17.632982,2025-06-27 20:10:00+02:00,1.16903,120.0
579,2025-06-30 16:00:00+02:00,1.17108,UP,3,SINGLE_WAVE_FORT_UP,,,,,,,,,,,,,,60.99999999999994,2025-06-30 13:45:00+02:00,Chicago PMI,US,2.0,24.558654,2025-06-30 17:58:00+02:00,1.17718,118.0
581,2025-07-01 15:46:00+02:00,1.1812,DOWN,12,DOUBLE_WAVE_DOWN,2025-07-01 16:03:00+02:00,1.17832,28.799999999999937,17.0,2025-07-01 16:23:00+02:00,1.17982,15.000000000000568,0.5208333333333542,20.0,2025-07-01 17:03:00+02:00,1.17728,25.399999999999867,40.0,39.199999999999235,2025-07-01 13:30:00+02:00,BOE Gov Bailey Speech,UK,2.0,,,,
583,2025-07-03 15:57:00+02:00,1.17898,DOWN,11,DOUBLE_WAVE_DOWN,2025-07-03 16:05:00+02:00,1.1769,20.799999999998597,8.0,2025-07-03 16:06:00+02:00,1.17748,5.800000000000249,0.27884615384618466,1.0,2025-07-03 16:25:00+02:00,1.1752,22.800000000000598,19.0,37.799999999998946,2025-07-03 13:45:00+02:00,S&P Global Services PMI Final,US,3.0,33.855556,,,
586,2025-07-11 00:55:00+02:00,1.17076,DOWN,0,SINGLE_WAVE_FORT_DOWN,,,,,,,,,,,,,,42.800000000000615,,,,,,2025-07-11 02:37:00+02:00,1.16648,102.0
587,2025-07-15 14:32:00+02:00,1.16911,DOWN,11,DOUBLE_WAVE_DOWN,2025-07-15 14:40:00+02:00,1.16624,28.700000000001502,8.0,2025-07-15 14:55:00+02:00,1.1685,22.600000000001508,0.7874564459930427,15.0,2025-07-15 15:35:00+02:00,1.16432,41.80000000000072,40.0,47.900000000000716,2025-07-15 12:30:00+02:00,Core Inflation Rate MoM,US,1.0,61.936458,,,
588,2025-07-16 15:46:00+02:00,1.1563,UP,1,SINGLE_WAVE_FORT_UP,,,,,,,,,,,,,,158.69999999999828,2025-07-16 14:00:00+02:00,Fed Barr Speech,US,2.0,16.848276,2025-07-16 17:30:00+02:00,1.17217,104.0
589,2025-07-16 17:27:00+02:00,1.17217,DOWN,1,DOUBLE_WAVE_DOWN,2025-07-16 17:35:00+02:00,1.16896,32.099999999999355,8.0,2025-07-16 17:40:00+02:00,1.17121,22.500000000000853,0.7009345794392929,5.0,2025-07-16 17:56:00+02:00,1.16112,100.90000000000154,16.0,110.50000000000004,2025-07-16 15:30:00+02:00,17-Week Bill Auction,US,3.0,15.744663,,,
590,2025-07-17 07:08:00+02:00,1.16274,DOWN,0,SINGLE_WAVE_FORT_DOWN,,,,,,,,,,,,,,54.30000000000046,,,,,,2025-07-17 08:36:00+02:00,1.15731,88.0
591,2025-07-21 15:39:00+02:00,1.1658,UP,1,SINGLE_WAVE_FORT_UP,,,,,,,,,,,,,,58.80000000000108,2025-07-21 14:00:00+02:00,CB Leading Index MoM,US,3.0,26.012128,2025-07-21 17:23:00+02:00,1.17168,104.0
592,2025-07-24 14:59:00+02:00,1.17306,UP,5,DOUBLE_WAVE_UP,2025-07-24 15:13:00+02:00,1.17639,33.30000000000055,14.0,2025-07-24 15:16:00+02:00,1.17501,13.799999999999368,0.4144144144143886,3.0,2025-07-24 15:54:00+02:00,1.1777,26.89999999999859,38.0,46.39999999999978,2025-07-24 12:30:00+02:00,Chicago Fed National Activity Index,US,2.0,19.431522,,,
595,2025-07-29 07:35:00+02:00,1.15905,DOWN,0,SINGLE_WAVE_FORT_DOWN,,,,,,,,,,,,,,63.49999999999856,,,,,,2025-07-29 09:10:00+02:00,1.1527,95.0
596,2025-07-29 09:07:00+02:00,1.1527,UP,4,SINGLE_WAVE_FORT_UP,,,,,,,,,,,,,,48.50000000000021,2025-07-29 07:00:00+02:00,GDP Growth Rate QoQ Flash,ES,1.0,,2025-07-29 11:02:00+02:00,1.15755,115.0
598,2025-07-31 14:30:00+02:00,1.1451,DOWN,16,DOUBLE_WAVE_DOWN,2025-07-31 14:37:00+02:00,1.14309,20.100000000000673,7.0,2025-07-31 14:41:00+02:00,1.14424,11.499999999999844,0.5721393034825601,4.0,2025-07-31 15:17:00+02:00,1.14074,34.999999999998366,36.0,43.5999999999992,2025-07-31 12:00:00+02:00,Inflation Rate MoM Prel,DE,2.0,26.415957,,,
600,2025-08-01 15:17:00+02:00,1.15438,UP,2,DOUBLE_WAVE_UP,2025-08-01 15:35:00+02:00,1.15834,39.59999999999964,18.0,2025-08-01 15:52:00+02:00,1.15504,32.999999999998586,0.8333333333333052,17.0,2025-08-01 16:00:00+02:00,1.15884,38.000000000000256,8.0,44.6000000000013,2025-08-01 13:00:00+02:00,Consumer Confidence,ES,2.0,,,,
602,2025-08-05 15:56:00+02:00,1.15322,UP,8,DOUBLE_WAVE_UP,2025-08-05 16:00:00+02:00,1.15584,26.200000000000667,4.0,2025-08-05 16:06:00+02:00,1.15362,22.199999999998887,0.8473282442747451,6.0,2025-08-05 16:44:00+02:00,1.15591,22.899999999999032,38.0,26.900000000000812,2025-08-05 13:45:00+02:00,S&P Global Services PMI Final,US,3.0,33.855556,,,
603,2025-08-07 21:04:00+02:00,1.16193,UP,1,SINGLE_WAVE_FORT_UP,,,,,,,,,,,,,,52.30000000000068,2025-08-07 19:00:00+02:00,Consumer Credit Change,US,3.0,11.852121,2025-08-07 22:29:00+02:00,1.16716,85.0
605,2025-08-12 15:28:00+02:00,1.16174,UP,0,SINGLE_WAVE_FORT_UP,,,,,,,,,,,,,,69.09999999999971,,,,,,2025-08-12 17:28:00+02:00,1.16865,120.0
607,2025-08-14 14:30:00+02:00,1.16929,DOWN,11,DOUBLE_WAVE_DOWN,2025-08-14 14:41:00+02:00,1.16676,25.299999999999212,11.0,2025-08-14 14:46:00+02:00,1.16838,16.199999999999548,0.6403162055335989,5.0,2025-08-14 15:25:00+02:00,1.16529,30.90000000000037,39.0,40.000000000000036,2025-08-14 12:00:00+02:00,NIESR Monthly GDP Tracker,UK,3.0,,,,
609,2025-08-22 15:55:00+02:00,1.15976,UP,1,SINGLE_WAVE_FORT_UP,,,,,,,,,,,,,,134.60000000000028,2025-08-22 14:00:00+02:00,Fed Chair Powell Speech,US,1.0,36.036122,2025-08-22 17:28:00+02:00,1.17322,93.0
610,2025-08-25 16:39:00+02:00,1.17058,DOWN,1,SINGLE_WAVE_FORT_DOWN,,,,,,,,,,,,,,49.79999999999984,2025-08-25 14:30:00+02:00,Dallas Fed Manufacturing Index,US,2.0,23.390217,2025-08-25 18:38:00+02:00,1.1656,119.0
612,2025-08-26 10:20:00+02:00,1.16058,UP,0,SINGLE_WAVE_FORT_UP,,,,,,,,,,,,,,40.99999999999993,,,,,,2025-08-26 12:03:00+02:00,1.16468,103.0
617,2025-09-02 08:38:00+02:00,1.17066,DOWN,2,SINGLE_WAVE_FORT_DOWN,,,,,,,,,,,,,,72.79999999999953,2025-09-02 06:45:00+02:00,Budget Balance,FR,3.0,,2025-09-02 10:26:00+02:00,1.16338,108.0
622,2025-09-09 15:57:00+02:00,1.17628,DOWN,1,DOUBLE_WAVE_DOWN,2025-09-09 16:03:00+02:00,1.17287,34.09999999999913,6.0,2025-09-09 16:12:00+02:00,1.1742,13.299999999998313,0.390029325513157,9.0,2025-09-09 16:41:00+02:00,1.17226,19.399999999998307,29.0,40.19999999999912,2025-09-09 14:00:00+02:00,Non Farm Payrolls Annual Revision,US,1.0,,,,
623,2025-09-10 14:20:00+02:00,1.16912,UP,8,DOUBLE_WAVE_UP,2025-09-10 14:30:00+02:00,1.17276,36.40000000000087,10.0,2025-09-10 14:49:00+02:00,1.16987,28.900000000000592,0.7939560439560411,19.0,2025-09-10 15:28:00+02:00,1.17176,18.899999999999473,39.0,26.399999999999757,2025-09-10 12:00:00+02:00,ECB Buch Speech,EU,3.0,16.912292,,,
624,2025-09-11 14:30:00+02:00,1.16781,UP,14,DOUBLE_WAVE_UP,2025-09-11 14:35:00+02:00,1.1721,42.899999999999054,5.0,2025-09-11 14:51:00+02:00,1.16923,28.69999999999928,0.668997668997667,16.0,2025-09-11 15:09:00+02:00,1.17391,46.800000000000175,18.0,60.99999999999994,2025-09-11 12:15:00+02:00,Deposit Facility Rate,EU,1.0,63.264516,,,
627,2025-09-16 14:27:00+02:00,1.179,UP,10,SINGLE_WAVE_FORT_UP,,,,,,,,,,,,,,57.39999999999856,2025-09-16 12:30:00+02:00,Export Prices MoM,US,2.0,30.947021,2025-09-16 16:17:00+02:00,1.18474,110.0
628,2025-09-18 08:11:00+02:00,1.17804,UP,0,SINGLE_WAVE_FORT_UP,,,,,,,,,,,,,,58.19999999999936,,,,,,2025-09-18 09:52:00+02:00,1.18386,101.0
633,2025-09-25 15:16:00+02:00,1.17104,DOWN,3,SINGLE_WAVE_FORT_DOWN,,,,,,,,,,,,,,43.69999999999985,2025-09-25 13:00:00+02:00,Fed Williams Speech,US,2.0,20.91,2025-09-25 17:11:00+02:00,1.16667,115.0
634,2025-09-29 14:32:00+02:00,1.17185,UP,3,DOUBLE_WAVE_UP,2025-09-29 14:40:00+02:00,1.1739,20.499999999998852,8.0,2025-09-29 14:43:00+02:00,1.1733,5.999999999999339,0.29268292682925245,3.0,2025-09-29 15:01:00+02:00,1.17516,18.599999999999728,18.0,33.09999999999924,2025-09-29 13:00:00+02:00,6-Month BTF Auction,FR,3.0,,,,
636,2025-10-01 10:36:00+02:00,1.1766,DOWN,6,SINGLE_WAVE_FORT_DOWN,,,,,,,,,,,,,,50.00000000000115,2025-10-01 08:30:00+02:00,S&P Global Manufacturing PMI Final,UK,3.0,,2025-10-01 12:30:00+02:00,1.1716,114.0
638,2025-10-01 16:01:00+02:00,1.17635,DOWN,15,DOUBLE_WAVE_DOWN,2025-10-01 16:17:00+02:00,1.17398,23.699999999999832,16.0,2025-10-01 16:36:00+02:00,1.17548,15.000000000000568,0.6329113924050918,19.0,2025-10-01 16:47:00+02:00,1.17309,23.900000000001143,11.0,32.600000000000406,2025-10-01 13:45:00+02:00,S&P Global Manufacturing PMI Final,US,3.0,33.293864,,,
639,2025-10-02 15:28:00+02:00,1.1744,DOWN,0,DOUBLE_WAVE_DOWN,2025-10-02 15:43:00+02:00,1.1724,20.000000000000018,15.0,2025-10-02 15:46:00+02:00,1.17292,5.199999999998539,0.25999999999992673,3.0,2025-10-02 16:12:00+02:00,1.17058,23.400000000000087,26.0,38.200000000001566,,,,,,,,
646,2025-10-14 16:08:00+02:00,1.1569,UP,1,SINGLE_WAVE_FORT_UP,,,,,,,,,,,,,,41.700000000000074,2025-10-14 14:00:00+02:00,ECB Donnery Speech,EU,3.0,15.399,2025-10-14 18:03:00+02:00,1.16107,115.0
649,2025-10-28 14:20:00+01:00,1.16256,UP,6,SINGLE_WAVE_FORT_UP,,,,,,,,,,,,,,41.59999999999941,2025-10-28 12:55:00+01:00,Redbook YoY,US,3.0,20.874286,2025-10-28 16:03:00+01:00,1.16672,103.0
653,2025-11-20 15:00:00+01:00,1.15024,UP,20,DOUBLE_WAVE_UP,2025-11-20 15:03:00+01:00,1.15385,36.10000000000113,3.0,2025-11-20 15:12:00+01:00,1.1523,15.499999999999403,0.4293628808863966,9.0,2025-11-20 15:33:00+01:00,1.155,26.999999999999247,21.0,47.600000000000975,2025-11-20 13:30:00+01:00,Initial Jobless Claims,US,2.0,34.570335,,,
654,2025-11-25 14:00:00+01:00,1.15247,UP,13,DOUBLE_WAVE_UP,2025-11-25 14:16:00+01:00,1.15622,37.499999999999204,16.0,2025-11-25 14:34:00+01:00,1.15427,19.500000000001183,0.5200000000000425,18.0,2025-11-25 15:08:00+01:00,1.15688,26.100000000000012,34.0,44.09999999999803,2025-11-25 13:15:00+01:00,ADP Employment Change Weekly,US,2.0,16.7895,,,
655,2025-11-25 17:55:00+01:00,1.155,UP,2,DOUBLE_WAVE_UP,2025-11-25 18:00:00+01:00,1.1575,24.999999999999467,5.0,2025-11-25 18:03:00+01:00,1.15568,18.199999999999328,0.7279999999999887,3.0,2025-11-25 18:25:00+01:00,1.15804,23.599999999999177,22.0,30.399999999999316,2025-11-25 16:30:00+01:00,2-Year FRN Auction,US,3.0,15.875926,,,
656,2025-11-26 14:58:00+01:00,1.15471,UP,31,SINGLE_WAVE_FORT_UP,,,,,,,,,,,,,,47.70000000000163,2025-11-26 13:30:00+01:00,Durable Goods Orders Ex Transp MoM,US,2.0,26.551042,2025-11-26 16:19:00+01:00,1.15948,81.0
